created_at,PM1.0_CF1_ug/m3,PM2.5_CF1_ug/m3,PM10.0_CF1_ug/m3,UptimeMinutes,RSSI_dbm,Temperature_F,Humidity_%,PM2.5_ATM_ug/m3
2020-10-08 17:00:00 UTC,14.2,25.69,31.71,5,-58,73,18,25.69
2020-10-08 18:00:00 UTC,14.07,24.92,29.68,25.26,-54.58,74.11,17.84,24.89
2020-10-08 19:00:00 UTC,10.41,18.96,22.57,54.97,-57.24,75.93,16.93,18.95
2020-10-08 20:00:00 UTC,165.25,267.38,291.51,113.48,-57.35,78.96,18.13,177.6
2020-10-08 21:00:00 UTC,56.92,82.33,87.8,152,-56.57,79.57,18.29,55.64
2020-10-08 22:00:00 UTC,9.09,17.12,19.89,7,-61,80,17,17.12
2020-10-08 23:00:00 UTC,129.71,179.05,187.67,38.15,-59.12,85.15,14.46,121.56
2020-10-15 17:00:00 UTC,3.15,5.19,6.05,14.5,-77.5,59,56.5,5.19
2020-10-15 18:00:00 UTC,1.57,2.74,3.32,29,-76.03,59.72,55.66,2.74
2020-10-15 19:00:00 UTC,1.29,2.29,2.9,88,-78.93,60.93,52.87,2.29
2020-10-15 20:00:00 UTC,1.32,2.42,3.09,148,-79.4,61.97,49.9,2.42
2020-10-15 21:00:00 UTC,1.71,2.79,3.29,208,-78.77,62.47,47.9,2.79
2020-10-15 22:00:00 UTC,3.1,4.76,5.32,268,-79.33,62.4,50.03,4.76
2020-10-15 23:00:00 UTC,2.81,4.14,4.65,328,-80.47,63.43,48.13,4.14
2020-10-16 00:00:00 UTC,3.37,4.84,5.19,388,-79.07,61.17,55.3,4.84
2020-10-16 01:00:00 UTC,3.56,5.03,5.62,448,-80.03,59.93,59.6,5.03
2020-10-16 02:00:00 UTC,4.49,6.24,6.87,508,-80.53,58.97,59.73,6.24
2020-10-16 03:00:00 UTC,6.68,9.21,9.99,568,-78.93,59,59.83,9.21
2020-10-16 04:00:00 UTC,5.24,7.28,7.95,628,-80.9,58.9,60.23,7.28
2020-10-16 05:00:00 UTC,5.75,8.11,8.77,688,-81.03,57.67,61.2,8.11
2020-10-16 06:00:00 UTC,5.31,7.59,8.38,748,-81.07,57.47,63.17,7.59
2020-10-16 07:00:00 UTC,6.14,8.79,9.72,808,-77.57,58.2,62.4,8.79
2020-10-16 08:00:00 UTC,7.88,10.92,11.95,868,-78.57,57.17,62.97,10.92
2020-10-16 09:00:00 UTC,10.03,14,15.25,928,-77.43,57.37,61.53,14
2020-10-16 10:00:00 UTC,9.53,13.25,14.52,988,-76.7,58.7,58.2,13.25
2020-10-16 11:00:00 UTC,8.14,11.23,12.19,1048,-77.9,57.27,59.93,11.23
2020-10-16 12:00:00 UTC,5.25,7.32,8.22,1108,-77.63,57.17,58.97,7.32
2020-10-16 13:00:00 UTC,1.62,2.72,3.18,1168,-78.7,58.83,53.3,2.72
2020-10-16 14:00:00 UTC,0.62,1.18,1.43,1228,-77.73,59,54.83,1.18
2020-10-16 15:00:00 UTC,0.62,1.22,1.55,1288,-78.37,58.97,58.63,1.22
2020-10-16 16:00:00 UTC,0.8,1.47,1.79,1348,-76.93,59.93,60.7,1.47
2020-10-16 17:00:00 UTC,1.02,1.8,2.05,1408,-77.33,60.77,62.63,1.8
2020-10-16 18:00:00 UTC,1.18,2.19,2.53,1468,-76.97,62.2,63.53,2.19
2020-10-16 19:00:00 UTC,0.86,1.55,1.81,1528,-80.33,65.13,61.93,1.55
2020-10-16 20:00:00 UTC,0.31,0.8,1.22,1588,-78.87,68.63,58.23,0.8
2020-10-16 21:00:00 UTC,0.62,1.34,1.56,1648,-78,70.13,55.5,1.34
2020-10-16 22:00:00 UTC,5.22,7.72,8.33,1708,-79.83,68.93,57.47,7.72
2020-10-16 23:00:00 UTC,0.18,0.3,0.45,1768,-80.23,69,58.83,0.3
2020-10-17 00:00:00 UTC,0.13,0.24,0.36,1828,-79.87,68.83,59.4,0.24
2020-10-17 01:00:00 UTC,0.23,0.52,0.66,1888,-81.13,67.97,61.37,0.52
2020-10-17 02:00:00 UTC,0.96,1.66,2.07,1948,-81.97,67.17,63.1,1.66
2020-10-17 03:00:00 UTC,3.35,4.93,5.52,2008,-79.6,65.8,65.6,4.93
2020-10-17 04:00:00 UTC,3.64,5.44,5.97,2068,-79.53,64.6,66.87,5.44
2020-10-17 05:00:00 UTC,1.18,2.35,3.14,2128,-78.9,61.73,68.27,2.35
2020-10-17 06:00:00 UTC,0.58,1.8,2.78,2188,-79.03,60.47,68.37,1.8
2020-10-17 07:00:00 UTC,0.36,1.44,2.37,2248,-80.77,60,68.77,1.44
2020-10-17 08:00:00 UTC,0.04,0.68,1.3,2308,-79.1,59.97,68.83,0.68
2020-10-17 09:00:00 UTC,0.16,0.75,1.28,2368,-77.9,60,68.23,0.75
2020-10-17 10:00:00 UTC,0.18,0.86,1.42,2428,-76.77,60,68.8,0.86
2020-10-17 11:00:00 UTC,0.19,0.85,1.41,2488,-77.03,59.87,67.47,0.85
2020-10-17 12:00:00 UTC,0.27,0.93,1.49,2548,-77.33,59.3,68.27,0.93
2020-10-17 13:00:00 UTC,0.65,1.59,2.42,2608,-76.13,59.67,67.63,1.59
2020-10-17 14:00:00 UTC,0.9,2.09,3.04,2668,-79.7,58.97,67.63,2.09
2020-10-17 15:00:00 UTC,0.51,1.4,2.19,2728,-79,59,67.73,1.4
2020-10-17 16:00:00 UTC,0.11,0.71,1.15,2788,-75.43,59,67.87,0.71
2020-10-17 17:00:00 UTC,0.14,0.73,1.26,2848,-78.17,59,67.3,0.73
2020-10-17 18:00:00 UTC,0.69,1.73,2.57,2908,-77.57,59.3,66.67,1.73
2020-10-17 19:00:00 UTC,1.04,2.73,4.16,2968,-75.63,59.93,65.3,2.73
2020-10-17 20:00:00 UTC,1.46,3.5,5.27,3028,-79.5,60.43,64.27,3.5
2020-10-17 21:00:00 UTC,2.06,4.39,6.47,3088,-78.97,61,65.27,4.39
2020-10-17 22:00:00 UTC,2.47,4.96,6.81,3148,-78.97,61,66.33,4.96
2020-10-17 23:00:00 UTC,2.66,5.26,6.93,3208,-77.87,61,65.3,5.26
2020-10-18 00:00:00 UTC,3.81,6.91,8.69,3268,-78.57,60.23,65.93,6.91
2020-10-18 01:00:00 UTC,5.32,8.64,10.53,3328,-81.67,59.27,67.37,8.64
2020-10-18 02:00:00 UTC,5.06,8.21,9.86,3388,-79.77,59,68.8,8.21
2020-10-18 03:00:00 UTC,5.25,8.56,10.41,3448,-78.37,59,68.03,8.56
2020-10-18 04:00:00 UTC,9.89,14.86,17.18,3508,-78.2,58.97,68,14.67
2020-10-18 05:00:00 UTC,5.34,8.89,10.82,3568,-76.97,59.87,65.77,8.89
2020-10-18 06:00:00 UTC,3.9,7,9.11,3628,-79.07,59.2,64.47,7
2020-10-18 07:00:00 UTC,4.12,7.34,9.65,3688,-76.97,59,63.57,7.34
2020-10-18 08:00:00 UTC,2.23,4.64,6.37,3748,-77.37,58.47,62.5,4.64
2020-10-18 09:00:00 UTC,1.2,3.05,4.64,3808,-77.57,58.87,61.57,3.05
2020-10-18 10:00:00 UTC,0.19,1.14,1.94,3868,-77.83,58,59.9,1.14
2020-10-18 11:00:00 UTC,0.3,1.35,2.05,3928,-78.8,57.97,58.3,1.35
2020-10-18 12:00:00 UTC,0.77,1.93,2.64,3988,-77.63,58,57.87,1.93
2020-10-18 13:00:00 UTC,0.68,1.71,2.41,4048,-78.33,57.93,61.73,1.71
2020-10-18 14:00:00 UTC,0.2,0.89,1.35,4108,-78.47,58.13,64.9,0.89
2020-10-18 15:00:00 UTC,0.03,0.42,0.67,4168,-77.8,59.37,65.23,0.42
2020-10-18 16:00:00 UTC,0.07,0.49,0.71,4228,-78.57,60,65.47,0.49
2020-10-18 17:00:00 UTC,0.07,0.44,0.66,4288,-76.33,60.27,67.53,0.44
2020-10-18 18:00:00 UTC,0.02,0.22,0.32,4348,-76.5,61.6,68.07,0.22
2020-10-18 19:00:00 UTC,0.45,0.88,1,4408,-75.6,62.9,68.5,0.88
2020-10-18 20:00:00 UTC,1.2,2,2.24,4468,-77.33,63.1,68.93,2
2020-10-18 21:00:00 UTC,1.18,1.92,2.2,4528,-74.8,64,68.4,1.92
2020-10-18 22:00:00 UTC,1.69,2.64,2.79,4588,-76.27,63.33,67.87,2.64
2020-10-18 23:00:00 UTC,1.29,2,2.22,4648,-79.1,63.5,68.73,2
2020-10-19 00:00:00 UTC,2.15,3.31,3.7,4708,-78.03,63.73,68.57,3.31
2020-10-19 01:00:00 UTC,4.01,6.36,7.09,4768,-76.2,62.93,68.73,6.36
2020-10-19 02:00:00 UTC,2.1,3.2,3.61,4828,-78.83,62.97,68.5,3.2
2020-10-19 03:00:00 UTC,4.13,6.62,7.59,4888,-77,62.17,68.13,6.62
2020-10-19 04:00:00 UTC,5.87,8.85,10.38,4948,-74.8,61.97,68.9,8.85
2020-10-19 05:00:00 UTC,3.95,5.67,6.27,5008,-76.4,62.97,68.73,5.67
2020-10-19 06:00:00 UTC,2.04,3.04,3.45,5068,-75,62.97,67.67,3.04
2020-10-19 07:00:00 UTC,0.18,0.54,0.78,5128,-77.27,61.83,66.13,0.54
2020-10-19 08:00:00 UTC,0.01,0.04,0.22,5188,-77.23,61,66.03,0.04
2020-10-19 09:00:00 UTC,0,0.04,0.26,5248,-75.23,61,65.13,0.04
2020-10-19 10:00:00 UTC,0,0.03,0.19,5308,-78.73,61,65.13,0.03
2020-10-19 11:00:00 UTC,0.01,0.08,0.28,5368,-79.17,61,65.03,0.08
2020-10-19 12:00:00 UTC,0.01,0.05,0.25,5428,-76.93,60.97,64.8,0.05
2020-10-19 13:00:00 UTC,0,0.03,0.17,5488,-75.87,60.23,65.6,0.03
2020-10-19 14:00:00 UTC,0,0.06,0.27,5548,-78.3,60,65.97,0.06
2020-10-19 15:00:00 UTC,0,0.1,0.35,5608,-81.33,59.93,66.2,0.1
2020-10-19 16:00:00 UTC,0.02,0.2,0.35,5668,-78.93,60.63,66.27,0.2
2020-10-19 17:00:00 UTC,0.05,0.41,0.62,5728,-78.9,62.1,63.2,0.41
2020-10-19 18:00:00 UTC,0.04,0.32,0.44,5788,-78.27,62.67,62.2,0.32
2020-10-19 19:00:00 UTC,0.04,0.32,0.58,5848,-79.63,62,63.1,0.32
2020-10-19 20:00:00 UTC,0.3,0.86,1.31,5908,-77.73,60.97,64.5,0.86
2020-10-19 21:00:00 UTC,0.38,1.21,1.91,5968,-78.03,59.2,66.6,1.21
2020-10-19 22:00:00 UTC,0.75,1.95,2.77,6028,-77.87,59.9,66.9,1.95
2020-10-19 23:00:00 UTC,0.76,2.11,3.21,6088,-75.8,59.13,67.1,2.11
2020-10-20 00:00:00 UTC,0.88,2.11,3.16,6148,-76.93,58.33,69.17,2.11
2020-10-20 01:00:00 UTC,1.66,3.32,4.37,6208,-76.23,58.03,69.13,3.32
2020-10-20 02:00:00 UTC,1.52,3.18,4.2,6268,-74.63,57.97,69.03,3.18
2020-10-20 03:00:00 UTC,1.5,3.19,4.21,6328,-77,58,69.07,3.19
2020-10-20 04:00:00 UTC,1.89,3.58,4.53,6388,-75.93,57.53,69.2,3.58
2020-10-20 05:00:00 UTC,1.54,3.23,4.2,6448,-76,57.67,68.93,3.23
2020-10-20 06:00:00 UTC,2.22,3.8,5.01,6508,-75.53,57,68.97,3.8
2020-10-20 07:00:00 UTC,2.38,4.13,5.05,6568,-76,57.13,69.2,4.13
2020-10-20 08:00:00 UTC,1.95,3.64,4.59,6628,-76.33,57.57,68.27,3.64
2020-10-20 09:00:00 UTC,2.42,4.16,5.13,6688,-76.87,56.93,68.83,4.16
2020-10-20 10:00:00 UTC,2.14,3.82,4.77,6748,-75.07,57,69,3.82
2020-10-20 11:00:00 UTC,1.25,2.73,3.73,6808,-74.93,56.73,68.87,2.73
2020-10-20 12:00:00 UTC,1.04,2.3,3.05,6868,-76.67,56.67,69.47,2.3
2020-10-20 13:00:00 UTC,1.16,2.46,3.29,6928,-75.83,57,68.57,2.46
2020-10-20 14:00:00 UTC,0.94,2.07,2.75,6988,-76.63,56.6,68.97,2.07
2020-10-20 15:00:00 UTC,1.74,3.14,3.85,7048,-74.8,56.97,69.37,3.14
2020-10-20 16:00:00 UTC,1.12,2.38,3.17,7108,-75.1,57.17,68.93,2.37
2020-10-20 17:00:00 UTC,0.78,2.02,2.85,7168,-74.87,58.13,67.17,2.02
2020-10-20 18:00:00 UTC,1.71,3.23,4.26,7228,-75.57,59.17,64.93,3.23
2020-10-20 19:00:00 UTC,0.87,2.03,2.95,7288,-73.97,60,61.43,2.03
2020-10-20 20:00:00 UTC,1.16,2.58,3.55,7348,-74.97,60,60.9,2.58
2020-10-20 21:00:00 UTC,1.79,3.4,4.48,7408,-76.37,60,59.77,3.4
2020-10-20 22:00:00 UTC,2.26,3.93,4.79,7468,-77.33,60,59.07,3.93
2020-10-20 23:00:00 UTC,1.51,2.77,3.57,7528,-78.33,59.6,60.57,2.77
2020-10-21 00:00:00 UTC,2.3,3.67,4.31,7588,-76.13,58.2,64.03,3.67
2020-10-21 01:00:00 UTC,1.6,2.79,3.54,7648,-76.17,57.3,65.23,2.79
2020-10-21 02:00:00 UTC,1.5,2.76,3.38,7708,-76.1,56.5,65.03,2.76
2020-10-21 03:00:00 UTC,3.72,5.82,6.98,7768,-75,55.5,65.5,5.82
2020-10-21 04:00:00 UTC,4.34,6.57,7.83,7828,-75.73,54.7,67.2,6.57
2020-10-21 05:00:00 UTC,3.29,5.18,6.29,7888,-75.17,53.83,68.47,5.18
2020-10-21 06:00:00 UTC,3.52,5.51,6.44,7948,-78.1,53,68.83,5.51
2020-10-21 07:00:00 UTC,3.78,5.89,6.9,8008,-76.63,52.6,69.7,5.89
2020-10-21 08:00:00 UTC,4.01,6.05,6.99,8068,-77.93,53.5,70.2,6.05
2020-10-21 09:00:00 UTC,4.81,7.26,8.27,8128,-75.83,54.8,70.17,7.26
2020-10-21 10:00:00 UTC,3.49,5.39,6.52,8188,-74.57,55.47,69.07,5.39
2020-10-21 11:00:00 UTC,7.6,10.85,12.04,8248,-76.13,55,68.63,10.85
2020-10-21 12:00:00 UTC,8.76,12.44,13.63,8308,-75.03,54.63,67.93,12.44
2020-10-21 13:00:00 UTC,8.01,11.11,12.14,8368,-74.9,53.1,67.87,11.11
2020-10-21 14:00:00 UTC,7.54,10.48,11.68,8428,-75.43,53.23,68.83,10.48
2020-10-21 15:00:00 UTC,7.06,9.66,10.59,8488,-77.17,53.6,67.93,9.66
2020-10-21 16:00:00 UTC,6,8.4,9.16,8548,-76.23,54.43,67.8,8.4
2020-10-21 17:00:00 UTC,4.67,6.69,7.63,8608,-76.2,55,66.03,6.69
2020-10-21 18:00:00 UTC,3.63,5.52,6.24,8668,-76.13,52.17,67.73,5.43
2020-10-21 19:00:00 UTC,0.35,0.84,1.14,8728,-75.4,54.03,68.8,0.84
2020-10-21 20:00:00 UTC,0.83,1.49,1.9,8788,-77.1,55.03,66.83,1.49
2020-10-21 21:00:00 UTC,2.08,3.08,3.37,8848,-77.3,54.47,63.57,3.08
2020-10-21 22:00:00 UTC,1.73,2.66,2.92,8908,-77.07,55.77,62,2.66
2020-10-21 23:00:00 UTC,3.61,6.08,6.71,8968,-77.43,55.37,60.7,6.08
2020-10-22 00:00:00 UTC,2.01,3.11,3.4,9028,-77.17,53.27,63.6,3.11
2020-10-22 01:00:00 UTC,3.29,4.83,5.34,9088,-74.8,50.5,67.03,4.83
2020-10-22 02:00:00 UTC,2.35,3.52,3.99,9148,-76.23,50,68.57,3.52
2020-10-22 03:00:00 UTC,2.56,3.87,4.55,9208,-75.67,49.23,69,3.87
2020-10-22 04:00:00 UTC,5.11,7.59,8.18,9268,-76.57,49,69,7.59
2020-10-22 05:00:00 UTC,4.59,6.64,7.34,9328,-77.17,49.83,69.6,6.64
2020-10-22 06:00:00 UTC,3.41,5.03,5.56,9388,-77.47,49.9,68.73,5.03
2020-10-22 07:00:00 UTC,4.94,7.13,7.88,9448,-77.8,49,69.73,7.13
2020-10-22 08:00:00 UTC,5.1,7.37,8,9508,-75,49,70.87,7.37
2020-10-22 09:00:00 UTC,4.32,6.31,7.06,9568,-76.47,47.87,70.5,6.31
2020-10-22 10:00:00 UTC,3.12,4.54,5.06,9628,-76.43,47.97,70.2,4.54
2020-10-22 11:00:00 UTC,3.58,5.23,5.84,9688,-74.93,48.7,70,5.23
2020-10-22 12:00:00 UTC,3.82,5.57,6.09,9748,-76.6,49.1,69.87,5.57
2020-10-22 13:00:00 UTC,3.69,5.41,6.17,9808,-78.17,49.6,68.83,5.41
2020-10-22 14:00:00 UTC,5,7.72,8.54,9868,-76.13,48.33,69.23,7.72
2020-10-22 15:00:00 UTC,7.08,11.78,12.96,9928,-75.87,49.4,70.2,11.78
2020-10-22 16:00:00 UTC,8.04,12.71,13.98,9988,-77.57,50.6,69.93,12.71
2020-10-22 17:00:00 UTC,8.96,12.52,13.37,10048,-77.27,52.93,66.27,12.52
2020-10-22 18:00:00 UTC,7.46,10.26,11.13,10108,-78.3,54.23,62.57,10.26
2020-10-22 19:00:00 UTC,8.36,11.42,12.32,10168,-78.83,54.97,61.5,11.42
2020-10-22 20:00:00 UTC,8.76,12.22,13.08,10228,-77.27,54.97,60.97,12.22
2020-10-22 21:00:00 UTC,5.86,8.11,8.74,10288,-79.5,54.97,59.27,8.11
2020-10-22 22:00:00 UTC,5.83,7.88,8.51,10348,-77,55,59.13,7.88
2020-10-22 23:00:00 UTC,5.99,7.94,8.66,10408,-78.67,54.4,62.63,7.94
2020-10-23 00:00:00 UTC,5.46,7.21,7.61,10468,-76.77,53.47,64.3,7.21
2020-10-23 01:00:00 UTC,5.36,7.03,7.65,10528,-77.43,50.6,66.7,7.03
2020-10-23 02:00:00 UTC,6.06,8.13,8.69,10588,-77.37,49.3,67.63,8.13
2020-10-23 03:00:00 UTC,6.28,8.27,8.9,10648,-76.43,48.77,68.5,8.27
2020-10-23 04:00:00 UTC,6.51,8.65,9.28,10708,-78.77,48.1,69,8.65
2020-10-23 05:00:00 UTC,7.32,9.74,10.65,10768,-77.07,48.03,69.83,9.74
2020-10-23 06:00:00 UTC,9.4,12.74,13.56,10828,-78.8,47.93,70.13,12.74
2020-10-23 07:00:00 UTC,10.15,13.72,14.82,10888,-80.67,47.57,70.27,13.72
2020-10-23 08:00:00 UTC,10.98,15,15.99,10948,-79.7,47.47,69.83,15
2020-10-23 09:00:00 UTC,11.57,15.88,16.95,11008,-80.53,48.97,69.67,15.88
2020-10-23 10:00:00 UTC,8.62,11.74,12.68,11068,-77.3,50.27,67.9,11.74
2020-10-23 11:00:00 UTC,11.31,15.74,16.94,11128,-77,51,65.27,15.74
2020-10-23 12:00:00 UTC,16.07,23.78,25.47,11188,-76.93,50.9,66.67,23.78
2020-10-23 13:00:00 UTC,15.39,23.43,25.31,11248,-79.2,51,66.47,23.42
2020-10-23 14:00:00 UTC,11.65,17.03,18.54,11308,-76.23,50.3,66.27,17.03
2020-10-23 15:00:00 UTC,8.2,11.29,12.15,11368,-74.5,49.97,66.33,11.29
2020-10-23 16:00:00 UTC,5.34,7.44,8.08,11428,-76.07,49.73,63.13,7.44
2020-10-23 17:00:00 UTC,4.57,6.36,6.94,11488,-74.6,49.9,60.6,6.36
2020-10-23 18:00:00 UTC,4.37,6.22,6.75,11548,-75.5,49.87,60.97,6.22
2020-10-23 19:00:00 UTC,3.66,5.37,5.88,11608,-76.2,51.2,58.17,5.37
2020-10-23 20:00:00 UTC,3.62,5.21,5.77,11668,-75.23,52.27,55.3,5.21
2020-10-23 21:00:00 UTC,4.61,6.68,7.33,11728,-74.43,52.97,55.73,6.68
2020-10-23 22:00:00 UTC,4.45,6.5,7.18,11788,-78.7,53,58.6,6.5
2020-10-23 23:00:00 UTC,4.46,6.41,7.1,11848,-76.33,53,62.07,6.41
2020-10-24 00:00:00 UTC,5.52,7.76,8.37,11908,-75.8,53.73,62.17,7.76
2020-10-24 01:00:00 UTC,6.04,8.37,9.05,11968,-75.5,53.4,65.37,8.37
2020-10-24 02:00:00 UTC,2.49,3.59,3.95,12028,-75.17,52.27,67.67,3.59
2020-10-24 03:00:00 UTC,0.79,1.24,1.41,12088,-72.9,51.87,67.43,1.24
2020-10-24 04:00:00 UTC,0.92,1.43,1.59,12148,-75.37,50.9,67.23,1.43
2020-10-24 05:00:00 UTC,1.44,2.19,2.47,12208,-74.67,50.13,65.63,2.19
2020-10-24 06:00:00 UTC,0.93,1.58,1.82,12268,-76.37,50.1,63.1,1.58
2020-10-24 07:00:00 UTC,0.9,1.53,1.82,12328,-76.47,50.77,59.53,1.53
2020-10-24 08:00:00 UTC,1.41,2.17,2.49,12388,-74.2,50.67,56.27,2.17
2020-10-24 09:00:00 UTC,2.54,3.68,3.99,12448,-76.7,50.17,52.93,3.68
2020-10-24 10:00:00 UTC,3.78,5.19,5.61,12508,-76.3,49.1,46.6,5.19
2020-10-24 11:00:00 UTC,3.47,4.83,5.31,12568,-75.43,48.47,44.63,4.83
2020-10-24 12:00:00 UTC,3.32,4.85,5.22,12628,-75.93,47.57,43.33,4.85
2020-10-24 13:00:00 UTC,3.26,4.74,5.18,12688,-75.5,47.1,42.4,4.74
2020-10-24 14:00:00 UTC,3.51,5.05,5.51,12748,-73.23,46.97,42.53,5.05
2020-10-24 15:00:00 UTC,3.42,4.92,5.35,12808,-73.87,46.93,42.93,4.92
2020-10-24 16:00:00 UTC,3.42,5,5.54,12868,-74.3,47.03,43.57,5
2020-10-24 17:00:00 UTC,3.39,5.07,5.63,12928,-75.13,48.03,43.07,5.07
2020-10-24 18:00:00 UTC,3.42,4.93,5.47,12988,-76.17,49.6,40.83,4.93
2020-10-24 19:00:00 UTC,3.45,5.1,5.51,13048,-77.47,51.17,39.87,5.1
2020-10-24 20:00:00 UTC,3.61,5.32,5.82,13108,-76.47,51.77,38.2,5.32
2020-10-24 21:00:00 UTC,3.88,5.74,6.3,13168,-77.3,51.13,39.5,5.74
2020-10-24 22:00:00 UTC,3.98,5.78,6.4,13228,-77.7,51.97,39.4,5.78
2020-10-24 23:00:00 UTC,4.18,6.03,6.64,13288,-77.47,51.4,39.67,6.03
2020-10-25 00:00:00 UTC,4.54,6.43,6.84,13348,-77.9,49.67,40.47,6.43
2020-10-25 01:00:00 UTC,5.09,7.13,7.7,13408,-78.43,48.43,43.43,7.13
2020-10-25 02:00:00 UTC,5.54,7.99,8.8,13468,-76.23,47.5,45.3,7.99
2020-10-25 03:00:00 UTC,5.94,8.35,9.4,13528,-76.3,47,47.27,8.35
2020-10-25 04:00:00 UTC,5.75,8.24,8.97,13588,-76,47,47.6,8.24
2020-10-25 05:00:00 UTC,5.72,8.23,9.16,13648,-78.13,47.03,47.8,8.23
2020-10-25 06:00:00 UTC,5.88,8.4,9.26,13708,-78.2,47,50.47,8.4
2020-10-25 07:00:00 UTC,6.21,8.81,9.78,13768,-76.8,46.5,51.53,8.81
2020-10-25 08:00:00 UTC,6.3,9,10.04,13828,-76.6,45.67,52.5,9
2020-10-25 09:00:00 UTC,6.31,8.98,9.8,13888,-77.47,44.57,53.27,8.98
2020-10-25 10:00:00 UTC,6.44,9.2,10.25,13948,-78.47,44,52.97,9.2
2020-10-25 11:00:00 UTC,6.27,9.08,9.86,14008,-76.07,44,53.93,9.08
2020-10-25 12:00:00 UTC,5.98,8.64,9.52,14068,-76.37,43.67,51.93,8.64
2020-10-25 13:00:00 UTC,5.89,8.55,9.43,14128,-75.97,42.93,50.47,8.55
2020-10-25 14:00:00 UTC,5.94,8.6,9.54,14188,-75.77,42.3,51.13,8.6
2020-10-25 15:00:00 UTC,6.23,9.05,9.95,14248,-75.13,42.77,53.03,9.05
2020-10-25 16:00:00 UTC,6.77,9.98,10.81,14308,-75.9,44,50.6,9.98
2020-10-25 17:00:00 UTC,7.36,10.77,11.65,14368,-74.9,45.73,47.63,10.77
2020-10-25 18:00:00 UTC,7.84,11.19,12.26,14428,-75.37,47.5,43.37,11.19
2020-10-25 19:00:00 UTC,7.83,10.99,11.8,14488,-78.6,48.7,38.27,10.99
2020-10-25 20:00:00 UTC,8.54,11.94,12.86,14548,-76.9,49.27,38.27,11.94
2020-10-25 21:00:00 UTC,9.12,12.84,13.72,14608,-77.97,50.63,38.07,12.84
2020-10-25 22:00:00 UTC,9.69,13.44,14.52,14668,-76.47,50.8,38.27,13.43
2020-10-25 23:00:00 UTC,45.5,63,66.92,14728,-76.8,50.73,41.03,45.64
2020-10-26 00:00:00 UTC,9.11,12.92,13.82,14788,-77.63,48.53,49.73,12.92
2020-10-26 01:00:00 UTC,9.62,13.84,14.99,14848,-76.67,45.73,52.87,13.84
2020-10-26 02:00:00 UTC,10.39,14.86,16.15,14908,-79.2,45,55.1,14.86
2020-10-26 03:00:00 UTC,9.96,14.4,15.73,14968,-78.7,44.77,56,14.4
2020-10-26 04:00:00 UTC,10.29,15.08,16.6,15028,-76.37,43.93,57.93,15.08
2020-10-26 05:00:00 UTC,10.68,16.22,17.77,15088,-76.07,42.93,58.3,16.22
2020-10-26 06:00:00 UTC,14.84,22.11,24.05,15148,-75.87,41.97,60,21.72
2020-10-26 07:00:00 UTC,13.1,18.93,20.62,15208,-75.73,41.5,60.97,18.93
2020-10-26 08:00:00 UTC,9.91,15.02,16.54,15268,-75.67,42.8,61.23,15.02
2020-10-26 09:00:00 UTC,9.85,14.44,15.71,15328,-74.87,44.6,59.53,14.44
2020-10-26 10:00:00 UTC,9.48,13.8,14.94,15388,-75.27,44.47,61.07,13.8
2020-10-26 11:00:00 UTC,9.47,13.7,14.94,15448,-73.03,45,61.9,13.7
2020-10-26 12:00:00 UTC,10.99,15.76,17.01,15508,-73.47,46,61.23,15.76
2020-10-26 13:00:00 UTC,11.89,17.08,18.34,15568,-74.43,46.1,59.27,17.08
2020-10-26 14:00:00 UTC,11.62,16.55,17.92,15628,-74.4,46.2,59.97,16.55
2020-10-26 15:00:00 UTC,12.87,18.26,19.65,15688,-75.87,46.17,61.17,18.26
2020-10-26 16:00:00 UTC,11.34,16.32,17.61,15748,-77.2,47.77,57.5,16.32
2020-10-26 17:00:00 UTC,11.33,16.4,17.69,15808,-78,48.97,55.6,16.4
2020-10-26 18:00:00 UTC,10.94,15.92,17.23,15868,-78.77,50.37,53.9,15.92
2020-10-26 19:00:00 UTC,8.77,12.56,13.74,15928,-76.1,51.93,50.93,12.56
2020-10-26 20:00:00 UTC,8.21,11.77,12.67,15988,-77.27,52.3,47.13,11.77
2020-10-26 21:00:00 UTC,9.88,14.13,15.08,16048,-79.2,53.17,49.43,14.13
2020-10-26 22:00:00 UTC,8.54,12.18,13.12,16108,-75.87,54,49.63,12.18
2020-10-26 23:00:00 UTC,7.49,10.73,11.55,16168,-76.93,53.3,51.83,10.73
2020-10-27 00:00:00 UTC,10.53,14.95,16.1,16228,-77.87,53,52.67,14.95
2020-10-27 01:00:00 UTC,8.91,12.82,13.69,16288,-77.2,52.7,55.17,12.82
2020-10-27 02:00:00 UTC,7.97,11.42,12.23,16348,-75.93,51.53,57.7,11.42
2020-10-27 03:00:00 UTC,8.59,12.36,13.26,16408,-75.67,50.97,58.23,12.36
2020-10-27 04:00:00 UTC,10.22,14.8,16.05,16468,-77.83,51.07,58.37,14.8
2020-10-27 05:00:00 UTC,10.21,14.85,15.93,16528,-77.47,51,59.97,14.85
2020-10-27 06:00:00 UTC,10.92,15.72,17.04,16588,-77.3,50.97,60.37,15.72
2020-10-27 07:00:00 UTC,10.36,15.34,16.73,16648,-78.27,50.87,60.83,15.34
2020-10-27 08:00:00 UTC,7.98,11.73,12.63,16708,-78.1,50.17,59.57,11.73
2020-10-27 09:00:00 UTC,8.47,12.44,13.32,16768,-77.57,50.8,60.93,12.44
2020-10-27 10:00:00 UTC,9.38,13.62,14.83,16828,-76.93,50.1,62.23,13.62
2020-10-27 11:00:00 UTC,8.47,12.45,13.47,16888,-79.27,50,63.1,12.45
2020-10-27 12:00:00 UTC,8.3,12.15,13.26,16948,-75.83,50.03,62.77,12.15
2020-10-27 13:00:00 UTC,7.93,11.55,12.43,17008,-76.1,50,62.23,11.55
2020-10-27 14:00:00 UTC,8.22,11.95,13,17068,-77.4,50.17,61.73,11.95
2020-10-27 15:00:00 UTC,8.9,12.76,13.65,17128,-77.9,51.87,60.6,12.76
2020-10-27 16:00:00 UTC,7.54,10.88,11.66,17188,-78.37,53.77,51.57,10.88
2020-10-27 17:00:00 UTC,8.54,12.31,13.29,17248,-79.23,55.43,47,12.31
2020-10-27 18:00:00 UTC,8.89,12.81,13.8,17308,-79.33,57.07,47.67,12.81
2020-10-27 19:00:00 UTC,8.45,12.18,13.07,17368,-79,58.27,45.57,12.18
2020-10-27 20:00:00 UTC,10.24,14.84,16.15,17428,-80,59.17,46.7,14.84
2020-10-27 21:00:00 UTC,10.14,14.58,15.77,17488,-79.37,59,50.6,14.58
2020-10-27 22:00:00 UTC,9.37,13.64,14.62,17548,-78.57,58.7,53.37,13.64
2020-10-27 23:00:00 UTC,8.87,12.77,13.7,17608,-76.83,59.9,54.2,12.77
2020-10-28 00:00:00 UTC,7.11,10.21,11.12,17668,-78.53,59.8,53.67,10.21
2020-10-28 01:00:00 UTC,4.29,6.45,6.99,17728,-79.33,57.2,58.87,6.45
2020-10-28 02:00:00 UTC,3.8,5.79,6.37,17788,-80.17,55.03,61.77,5.79
2020-10-28 03:00:00 UTC,7.35,10.78,11.73,17848,-79.07,54.07,62.33,10.78
2020-10-28 04:00:00 UTC,9.42,14.13,15.42,17908,-78.9,53.97,61.03,14.13
2020-10-28 05:00:00 UTC,8,12.39,13.67,17968,-78.3,52.83,62.63,12.39
2020-10-28 06:00:00 UTC,8.81,13.94,15.76,18028,-77.9,51.97,64.57,13.94
2020-10-28 07:00:00 UTC,9.18,13.5,14.86,18088,-79,52.07,64.03,13.5
2020-10-28 08:00:00 UTC,10.64,15.4,16.67,18148,-78,53.83,62.5,15.4
2020-10-28 09:00:00 UTC,10.73,15.32,16.63,18208,-77.77,54.47,61.7,15.32
2020-10-28 10:00:00 UTC,8.78,12.86,13.82,18268,-80.47,55.37,62.97,12.86
2020-10-28 11:00:00 UTC,7.26,10.55,11.55,18328,-81.07,56,62.83,10.55
2020-10-28 12:00:00 UTC,7.54,10.88,11.85,18388,-80.07,56.4,63.97,10.88
2020-10-28 13:00:00 UTC,11.51,16.54,17.97,18448,-79.3,56.23,63.93,16.54
2020-10-28 14:00:00 UTC,10.22,14.54,15.6,18508,-79.1,56,64,14.54
2020-10-28 15:00:00 UTC,9.25,13.09,14.1,18568,-78.8,56.23,64.33,13.09
2020-10-28 16:00:00 UTC,8.55,12.19,13.22,18628,-78.53,57,65,12.19
2020-10-28 17:00:00 UTC,7.36,10.61,11.6,18688,-80.67,57.57,64.5,10.61
2020-10-28 18:00:00 UTC,6.41,9.38,10.24,18748,-79.43,58,62.47,9.38
2020-10-28 19:00:00 UTC,5.88,8.62,9.5,18808,-79.03,58,62.5,8.62
2020-10-28 20:00:00 UTC,5.01,7.26,8,18868,-81.27,58.1,63.1,7.26
2020-10-28 21:00:00 UTC,4.81,6.89,7.52,18928,-81.57,59.1,61.5,6.89
2020-10-28 22:00:00 UTC,4.9,7.04,7.57,18988,-81.87,59.2,61.23,7.04
2020-10-28 23:00:00 UTC,5.25,7.84,8.41,19048,-80.27,59.07,62.17,7.84
2020-10-29 00:00:00 UTC,6.35,9.79,10.57,19108,-79.17,59.03,63.2,9.79
2020-10-29 01:00:00 UTC,7.43,11.16,12.15,19168,-77.4,57,65.2,11.16
2020-10-29 02:00:00 UTC,8.82,13.51,14.85,19228,-79.27,56.17,67.63,13.51
2020-10-29 03:00:00 UTC,10.65,16.01,17.37,19288,-78.03,56.8,68.2,16.01
2020-10-29 04:00:00 UTC,10.17,14.92,16.36,19348,-79.13,58.6,68.1,14.92
2020-10-29 05:00:00 UTC,9.23,13.66,15.06,19408,-77.2,58.97,67,13.66
2020-10-29 06:00:00 UTC,9.8,14.43,16.01,19468,-78.07,59,67.5,14.43
2020-10-29 07:00:00 UTC,9.37,13.77,15.16,19528,-75.13,59,67.5,13.77
2020-10-29 08:00:00 UTC,10.13,14.86,16.33,19588,-78.8,59.03,67.3,14.86
2020-10-29 09:00:00 UTC,15.71,22.98,25.33,19648,-78.87,59,67.17,22.98
2020-10-29 10:00:00 UTC,17.03,24.9,27.22,19708,-79.13,59.07,67.03,24.87
2020-10-29 11:00:00 UTC,11.17,17.5,19.31,19768,-77.83,59.07,67,17.5
2020-10-29 12:00:00 UTC,9.36,15.11,16.73,19828,-79.43,59,67.57,15.11
2020-10-29 13:00:00 UTC,7.7,12.01,13.34,19888,-78.3,59,68,12.01
2020-10-29 14:00:00 UTC,5.45,8.02,8.73,19948,-79.5,59,67.73,8.02
2020-10-29 15:00:00 UTC,5.16,7.83,8.67,20008,-79.47,59,67.93,7.83
2020-10-29 16:00:00 UTC,2.62,4.01,4.42,20068,-79.1,59.67,66.47,4.01
2020-10-29 17:00:00 UTC,3.16,4.72,5.3,20128,-78.63,60.03,65.9,4.72
2020-10-29 18:00:00 UTC,3.15,4.81,5.47,20188,-79.47,60.93,64.57,4.81
2020-10-29 19:00:00 UTC,2.84,4.44,4.95,20248,-78.97,61.27,62.4,4.44
2020-10-29 20:00:00 UTC,4.19,6.28,6.86,20308,-80.13,61.9,60.43,6.28
2020-10-29 21:00:00 UTC,3.68,5.38,5.92,20368,-80.23,62.37,58.33,5.38
2020-10-29 22:00:00 UTC,3.33,4.86,5.33,20428,-80.8,60.77,61.33,4.86
2020-10-29 23:00:00 UTC,4.1,5.87,6.44,20488,-79.83,60.93,62.1,5.87
2020-10-30 00:00:00 UTC,4.61,6.55,7.18,20548,-80.53,58.7,64.83,6.55
2020-10-30 01:00:00 UTC,4.43,6.48,7.11,20608,-81.8,57,67.1,6.48
2020-10-30 02:00:00 UTC,3.74,5.49,6.12,20668,-81.2,56.5,66.47,5.49
2020-10-30 03:00:00 UTC,6.08,8.54,9.27,20728,-78.9,54.9,68,8.54
2020-10-30 04:00:00 UTC,5.64,7.97,8.69,20788,-78.7,54.87,68.47,7.97
2020-10-30 05:00:00 UTC,5.59,8,8.78,20848,-77.57,54.53,68.47,8
2020-10-30 06:00:00 UTC,8.9,12.81,13.84,20908,-77.63,55.67,69.57,12.81
2020-10-30 07:00:00 UTC,8.42,12.36,13.42,20968,-78.9,56.3,67.7,12.36
2020-10-30 08:00:00 UTC,9.67,13.84,15.13,21028,-77.9,57,65.57,13.84
2020-10-30 09:00:00 UTC,11.1,15.8,17.14,21088,-78.3,57.2,64.53,15.8
2020-10-30 10:00:00 UTC,6.93,9.93,10.98,21148,-78.53,58.13,61.6,9.93
2020-10-30 11:00:00 UTC,6.15,8.89,9.84,21208,-75.47,58.53,61.73,8.89
2020-10-30 12:00:00 UTC,5.56,8.15,8.86,21268,-78,57.9,65.27,8.15
2020-10-30 13:00:00 UTC,3.3,5.02,5.61,21328,-77.93,57.9,66.8,5.02
2020-10-30 14:00:00 UTC,2.78,4.38,4.83,21388,-80.07,58.8,66.7,4.38
2020-10-30 15:00:00 UTC,2.72,4.25,4.67,21448,-79.87,59,66.47,4.25
2020-10-30 16:00:00 UTC,0.82,1.95,2.76,21508,-79.37,59.37,64.9,1.95
2020-10-30 17:00:00 UTC,0.22,1.18,1.79,21568,-79.27,60.8,60.93,1.18
2020-10-30 18:00:00 UTC,0.43,1.43,2.18,21628,-78.47,61.17,59.3,1.43
2020-10-30 19:00:00 UTC,1.22,2.78,3.94,21688,-79.03,61.7,58.2,2.78
2020-10-30 20:00:00 UTC,1.84,3.91,5.29,21748,-79.73,61.37,58.97,3.91
2020-10-30 21:00:00 UTC,1.71,3.82,5.05,21808,-79.37,62.7,55.33,3.82
2020-10-30 22:00:00 UTC,1.8,3.85,5.39,21868,-79.47,61.53,55.9,3.85
2020-10-30 23:00:00 UTC,1.39,3.37,4.58,21928,-78.63,60.57,56.13,3.37
2020-10-31 00:00:00 UTC,0.85,2.61,3.82,21988,-79.53,58.9,55.6,2.61
2020-10-31 01:00:00 UTC,1.38,3.5,5.23,22048,-78.73,57.4,55.67,3.5
2020-10-31 02:00:00 UTC,1.32,3.6,5.42,22108,-79.03,56.23,56.67,3.6
2020-10-31 03:00:00 UTC,1.44,3.59,5.3,22168,-78.5,54.2,59.2,3.59
2020-10-31 04:00:00 UTC,1.13,2.86,4.31,22228,-78.37,53.53,59.63,2.86
2020-10-31 05:00:00 UTC,0.81,2.7,4.02,22288,-78.3,53.57,57.17,2.7
2020-10-31 06:00:00 UTC,1.09,2.93,4.39,22348,-77.67,52.7,56.6,2.93
2020-10-31 07:00:00 UTC,1.17,3.02,4.32,22408,-76.73,51.27,60.93,3.02
2020-10-31 08:00:00 UTC,0.8,2.6,3.84,22468,-76.47,51.6,62.03,2.6
2020-10-31 09:00:00 UTC,0.99,2.72,4.3,22528,-77.43,51.33,62.97,2.72
2020-10-31 10:00:00 UTC,1.74,3.65,4.9,22588,-77.63,49.13,64.8,3.65
2020-10-31 11:00:00 UTC,1.74,3.7,5.08,22648,-75.6,48.17,65.8,3.7
2020-10-31 12:00:00 UTC,2.13,4.37,5.87,22708,-76.6,48.37,67.5,4.37
2020-10-31 13:00:00 UTC,3.2,5.78,7.69,22768,-77.07,49.83,68.4,5.78
2020-10-31 14:00:00 UTC,3.87,6.66,8.42,22828,-76.27,49.3,68.63,6.66
2020-10-31 15:00:00 UTC,3.53,6.18,7.84,22888,-76.33,49.1,69.93,6.18
2020-10-31 16:00:00 UTC,2.62,4.91,6.51,22948,-78.07,50.33,68.5,4.91
2020-10-31 17:00:00 UTC,1.69,3.52,4.86,23008,-76.93,52.3,64.17,3.52
2020-10-31 18:00:00 UTC,1.42,3.24,4.13,23068,-78.33,54.03,60.53,3.24
2020-10-31 19:00:00 UTC,1.52,3.15,4.27,23128,-78.33,55.57,57.13,3.15
2020-10-31 20:00:00 UTC,2.33,4.65,5.99,23188,-76.63,56.2,54.87,4.65
2020-10-31 21:00:00 UTC,1.66,3.38,4.46,23248,-77.43,57.03,56.1,3.38
2020-10-31 22:00:00 UTC,1.99,3.86,5,23308,-77.53,56.97,56.67,3.86
2020-10-31 23:00:00 UTC,2.59,4.66,5.83,23368,-78.13,57.27,58.13,4.66
2020-11-01 00:00:00 UTC,3.6,5.84,7.01,23428,-79.7,55.8,58.5,5.84
2020-11-01 01:00:00 UTC,4.31,6.82,7.97,23488,-78.97,53.77,61.23,6.82
2020-11-01 02:00:00 UTC,5.49,8.46,9.78,23548,-78.67,52.37,63.93,8.46
2020-11-01 03:00:00 UTC,5.14,7.93,9.39,23608,-77,52.93,63.03,7.93
2020-11-01 04:00:00 UTC,5.07,7.74,8.95,23668,-77.57,52.2,63.13,7.74
2020-11-01 05:00:00 UTC,5.87,8.84,10.33,23728,-75.5,52,62.8,8.84
2020-11-01 06:00:00 UTC,7.03,10.33,11.69,23788,-75.8,51.97,63.77,10.33
2020-11-01 07:00:00 UTC,7.91,11.43,12.9,23848,-74.9,51.97,63.97,11.43
2020-11-01 08:00:00 UTC,8.14,11.67,13.12,23908,-74.77,51.97,63.37,11.67
2020-11-01 09:00:00 UTC,7.62,11.06,12.49,23968,-74.63,52,62.2,11.06
2020-11-01 10:00:00 UTC,6.12,8.97,10.29,24028,-74.83,52,62.7,8.97
2020-11-01 11:00:00 UTC,6.61,9.74,11.17,24088,-74.83,51.93,63.67,9.74
2020-11-01 12:00:00 UTC,7.64,11.16,12.63,24148,-75.03,51.83,64.1,11.16
2020-11-01 13:00:00 UTC,9.69,14.32,15.99,24208,-75.3,51.43,65.53,14.32
2020-11-01 14:00:00 UTC,11,16.43,18.37,24268,-77.5,50.93,66.97,16.43
2020-11-01 15:00:00 UTC,12.13,18.91,21.09,24328,-79.13,51.2,66.77,18.91
2020-11-01 16:00:00 UTC,12.09,19.58,21.93,24388,-78.8,52.53,65.27,19.58
2020-11-01 17:00:00 UTC,9.22,14.51,16.09,24448,-76.5,54.27,62.17,14.51
2020-11-01 18:00:00 UTC,7.82,12.12,13.53,24508,-77.5,55.77,61.63,12.12
2020-11-01 19:00:00 UTC,7.52,11.44,12.68,24568,-79.17,56.47,61.33,11.44
2020-11-01 20:00:00 UTC,6.74,10.37,11.51,24628,-79,57.2,60.07,10.37
2020-11-01 21:00:00 UTC,4.91,7.41,8.24,24688,-77.43,58.37,56.9,7.41
2020-11-01 22:00:00 UTC,4.82,7.28,8.07,24748,-78.53,57.9,57.57,7.28
2020-11-01 23:00:00 UTC,5.34,7.91,8.89,24808,-78.83,57.23,60.57,7.91