created_at,PM1.0_CF1_ug/m3,PM2.5_CF1_ug/m3,PM10.0_CF1_ug/m3,UptimeMinutes,RSSI_dbm,Temperature_F,Humidity_%,PM2.5_ATM_ug/m3,
2020-10-01 18:00:00 UTC,1.03,2.21,2.97,10.55,-55.18,73.00,22.00,2.21
2020-10-01 19:00:00 UTC,1.00,2.34,3.25,49.56,-54.89,73.93,22.00,2.34
2020-10-01 20:00:00 UTC,118.52,223.38,243.85,49.16,-56.84,76.16,22.00,148.87
2020-10-01 21:00:00 UTC,24.79,39.35,42.11,40.00,-59.00,75.80,22.00,26.97,
2020-10-02 15:00:00 UTC,1.17,2.52,2.92,14.00,-66.14,77.00,20.00,2.52
2020-10-02 16:00:00 UTC,101.02,162.92,172.73,29.50,-64.71,84.00,15.33,108.71
2020-10-02 17:00:00 UTC,57.57,88.66,92.53,85.50,-65.67,88.17,14.58,62.22
2020-10-02 18:00:00 UTC,3.27,5.23,5.80,119.00,-64.50,89.00,14.00,5.23,
2020-10-07 20:00:00 UTC,8.83,13.26,13.98,17.00,-61.93,82.57,34.36,13.26
2020-10-07 21:00:00 UTC,8.49,12.49,13.08,61.00,-63.13,83.93,33.00,12.49
2020-10-07 22:00:00 UTC,8.33,12.33,12.94,121.00,-63.30,84.00,33.00,12.33
2020-10-07 23:00:00 UTC,9.29,13.84,14.39,181.00,-62.70,84.00,33.00,13.84,
2020-10-08 00:00:00 UTC,10.30,15.41,16.15,241.00,-62.70,83.97,33.00,15.41
2020-10-08 01:00:00 UTC,9.45,13.98,14.78,301.00,-62.17,84.00,34.00,13.98
2020-10-08 02:00:00 UTC,9.20,13.39,14.07,361.00,-62.83,84.00,33.73,13.39
2020-10-08 03:00:00 UTC,9.05,13.30,13.90,421.00,-63.53,84.00,33.27,13.30
2020-10-08 04:00:00 UTC,9.29,13.40,13.98,481.00,-63.77,84.00,33.00,13.40
2020-10-08 05:00:00 UTC,10.05,14.24,14.73,541.00,-62.70,83.97,33.00,14.24
2020-10-08 06:00:00 UTC,10.59,15.26,15.81,601.00,-64.47,84.00,33.00,15.26
2020-10-08 07:00:00 UTC,11.00,15.60,16.09,661.00,-64.90,84.00,32.03,15.60
2020-10-08 08:00:00 UTC,11.26,16.05,16.64,721.00,-64.87,84.00,32.00,16.05
2020-10-08 09:00:00 UTC,10.77,15.18,15.76,781.00,-64.50,84.00,32.00,15.19
2020-10-08 10:00:00 UTC,8.98,12.77,13.13,841.00,-64.43,83.97,32.00,12.77
2020-10-08 11:00:00 UTC,7.24,10.13,10.46,901.00,-64.63,84.00,32.00,10.13
2020-10-08 12:00:00 UTC,5.49,7.86,8.09,961.00,-64.23,84.00,32.00,7.86
2020-10-08 13:00:00 UTC,3.98,5.59,5.81,1021.00,-65.40,83.97,32.23,5.59
2020-10-08 14:00:00 UTC,2.76,3.95,4.13,1081.00,-65.87,84.00,33.00,3.95
2020-10-08 15:00:00 UTC,1.86,2.75,3.01,1141.00,-62.17,84.00,33.03,2.75
2020-10-08 16:00:00 UTC,1.59,2.61,2.93,1201.00,-62.53,84.00,33.00,2.61
2020-10-08 17:00:00 UTC,1.43,2.37,2.65,1261.00,-62.07,84.37,32.47,2.37
2020-10-08 18:00:00 UTC,1.67,2.69,2.92,1321.00,-61.70,85.10,31.90,2.69
2020-10-08 19:00:00 UTC,1.68,2.64,2.91,1381.00,-60.50,86.00,31.00,2.64
2020-10-08 20:00:00 UTC,1.57,2.44,2.67,1441.00,-60.13,86.80,31.00,2.44
2020-10-08 21:00:00 UTC,1.27,2.09,2.28,1501.00,-59.70,87.07,30.20,2.09
2020-10-08 22:00:00 UTC,1.29,2.00,2.20,1561.00,-60.10,87.97,30.00,2.00
2020-10-08 23:00:00 UTC,1.25,1.99,2.20,1621.00,-60.17,87.97,28.27,1.99,
2020-10-09 00:00:00 UTC,0.79,1.52,1.79,1681.00,-60.67,87.33,26.73,1.52
2020-10-09 01:00:00 UTC,0.96,1.79,2.12,1741.00,-62.10,88.00,28.00,1.79
2020-10-09 02:00:00 UTC,1.17,2.06,2.33,1801.00,-62.63,88.00,28.40,2.06
2020-10-09 03:00:00 UTC,1.32,2.10,2.28,1861.00,-62.03,88.00,28.87,2.10
2020-10-09 04:00:00 UTC,1.35,2.14,2.45,1921.00,-63.23,88.00,28.97,2.14
2020-10-09 05:00:00 UTC,1.56,2.42,2.71,1981.00,-63.30,87.83,29.00,2.42
2020-10-09 06:00:00 UTC,1.40,2.18,2.38,2041.00,-63.07,87.00,29.00,2.18
2020-10-09 07:00:00 UTC,1.30,1.99,2.15,2101.00,-62.93,87.00,29.00,1.99
2020-10-09 08:00:00 UTC,1.01,1.73,1.89,2161.00,-62.97,87.00,29.00,1.73
2020-10-09 09:00:00 UTC,1.13,1.78,1.94,2221.00,-62.83,87.00,29.00,1.78
2020-10-09 10:00:00 UTC,1.26,1.94,2.11,2281.00,-62.97,87.00,29.10,1.94
2020-10-09 11:00:00 UTC,1.42,2.02,2.20,2341.00,-62.93,87.00,29.97,2.02
2020-10-09 12:00:00 UTC,1.25,1.92,2.06,2401.00,-62.63,87.00,30.00,1.92
2020-10-09 13:00:00 UTC,1.27,1.91,2.07,2461.00,-62.10,86.47,30.00,1.91
2020-10-09 14:00:00 UTC,1.41,2.17,2.36,2521.00,-63.23,86.00,30.00,2.17
2020-10-09 15:00:00 UTC,1.72,2.73,2.98,2581.00,-62.90,86.00,30.77,2.73
2020-10-09 16:00:00 UTC,2.15,3.40,3.82,2641.00,-62.07,86.00,30.73,3.40
2020-10-09 17:00:00 UTC,2.86,4.39,4.72,2701.00,-60.83,86.70,31.13,4.39
2020-10-09 18:00:00 UTC,3.28,4.92,5.26,2761.00,-61.63,87.00,32.00,4.92
2020-10-09 19:00:00 UTC,3.86,5.82,6.16,2821.00,-62.43,87.90,31.07,5.82
2020-10-09 20:00:00 UTC,4.21,6.26,6.63,2881.00,-62.60,88.50,30.00,6.26
2020-10-09 21:00:00 UTC,3.98,5.77,6.07,2941.00,-61.97,89.03,29.13,5.77
2020-10-09 22:00:00 UTC,3.74,5.35,5.56,3001.00,-62.67,89.93,29.00,5.35
2020-10-09 23:00:00 UTC,2.78,3.88,4.15,3061.00,-61.90,89.90,28.03,3.88,
2020-10-10 00:00:00 UTC,1.19,1.85,2.02,3121.00,-62.43,89.00,26.43,1.85
2020-10-10 01:00:00 UTC,1.20,1.93,2.15,3181.00,-61.47,89.00,27.00,1.93
2020-10-10 02:00:00 UTC,0.92,1.52,1.72,3241.00,-60.47,89.00,27.63,1.52
2020-10-10 03:00:00 UTC,0.78,1.43,1.64,3301.00,-61.47,89.00,28.77,1.43
2020-10-10 04:00:00 UTC,0.82,1.38,1.59,3361.00,-61.60,89.00,29.00,1.38
2020-10-10 05:00:00 UTC,0.69,1.15,1.31,3421.00,-60.33,89.00,29.00,1.15
2020-10-10 06:00:00 UTC,0.56,0.91,1.03,3481.00,-60.47,89.00,29.00,0.91
2020-10-10 07:00:00 UTC,0.29,0.65,0.74,3541.00,-59.73,89.00,29.00,0.65
2020-10-10 08:00:00 UTC,0.11,0.43,0.49,3601.00,-60.47,88.97,29.00,0.43
2020-10-10 09:00:00 UTC,0.06,0.30,0.39,3661.00,-60.17,89.00,29.00,0.30
2020-10-10 10:00:00 UTC,0.02,0.16,0.20,3721.00,-59.90,88.30,29.00,0.16
2020-10-10 11:00:00 UTC,0.01,0.16,0.24,3781.00,-60.30,88.00,29.00,0.16
2020-10-10 12:00:00 UTC,0.00,0.11,0.19,3841.00,-60.00,88.00,29.00,0.11
2020-10-10 13:00:00 UTC,0.02,0.13,0.18,3901.00,-60.63,88.00,29.00,0.13
2020-10-10 14:00:00 UTC,0.01,0.22,0.34,3961.00,-62.60,87.97,29.83,0.22
2020-10-10 15:00:00 UTC,0.00,0.12,0.25,4021.00,-70.57,88.00,29.50,0.12
2020-10-10 16:00:00 UTC,0.01,0.18,0.35,4081.00,-70.80,88.00,29.20,0.18
2020-10-10 17:00:00 UTC,0.27,0.65,0.99,4141.00,-70.60,87.97,29.17,0.65
2020-10-10 18:00:00 UTC,0.33,0.99,1.23,4201.00,-69.43,87.97,29.73,0.99
2020-10-10 19:00:00 UTC,0.24,0.78,1.04,4261.00,-69.23,87.90,29.37,0.78
2020-10-10 20:00:00 UTC,0.14,0.62,0.86,4321.00,-69.00,88.57,28.47,0.62
2020-10-10 21:00:00 UTC,0.15,0.53,0.71,4381.00,-69.70,89.00,27.67,0.53
2020-10-10 22:00:00 UTC,0.07,0.36,0.50,4441.00,-69.67,89.60,26.83,0.36
2020-10-10 23:00:00 UTC,0.06,0.32,0.40,4501.00,-70.13,89.97,26.00,0.32,
2020-10-11 00:00:00 UTC,0.07,0.35,0.41,4561.00,-70.07,90.00,25.77,0.35
2020-10-11 01:00:00 UTC,0.15,0.50,0.58,4621.00,-70.10,89.73,25.00,0.50
2020-10-11 02:00:00 UTC,0.58,1.03,1.22,4681.00,-69.37,88.97,23.90,1.03
2020-10-11 03:00:00 UTC,0.70,1.35,1.64,4741.00,-70.47,89.00,24.37,1.35
2020-10-11 04:00:00 UTC,0.77,1.49,1.75,4801.00,-69.47,89.00,25.00,1.49
2020-10-11 05:00:00 UTC,0.71,1.42,1.73,4861.00,-70.10,89.00,25.00,1.42
2020-10-11 06:00:00 UTC,0.56,1.12,1.35,4921.00,-69.00,89.00,24.20,1.12
2020-10-11 07:00:00 UTC,0.51,1.00,1.19,4981.00,-69.00,89.00,24.00,1.00
2020-10-11 08:00:00 UTC,0.45,0.92,1.02,5041.00,-69.50,89.00,24.00,0.92
2020-10-11 09:00:00 UTC,0.34,0.76,0.90,5101.00,-69.33,89.00,24.00,0.76
2020-10-11 10:00:00 UTC,0.28,0.66,0.74,5161.00,-69.20,88.93,24.00,0.66
2020-10-11 11:00:00 UTC,0.17,0.51,0.63,5221.00,-70.03,88.50,24.00,0.51
2020-10-11 12:00:00 UTC,0.04,0.32,0.42,5281.00,-69.33,88.00,24.00,0.32
2020-10-11 13:00:00 UTC,0.05,0.22,0.28,5341.00,-69.73,88.00,24.03,0.22
2020-10-11 14:00:00 UTC,0.02,0.26,0.34,5401.00,-69.57,88.00,24.73,0.26
2020-10-11 15:00:00 UTC,0.03,0.29,0.41,5461.00,-69.77,87.97,24.30,0.29
2020-10-11 16:00:00 UTC,0.42,0.92,1.19,5521.00,-69.63,87.43,24.73,0.92
2020-10-11 17:00:00 UTC,1.24,2.45,2.99,5581.00,-68.60,87.00,25.00,2.45
2020-10-11 18:00:00 UTC,1.46,2.79,3.42,5641.00,-68.77,87.00,25.10,2.79
2020-10-11 19:00:00 UTC,1.37,2.53,3.09,5701.00,-67.30,87.00,25.00,2.53
2020-10-11 20:00:00 UTC,0.97,1.94,2.31,5761.00,-68.93,87.00,25.23,1.94
2020-10-11 21:00:00 UTC,0.75,1.47,1.73,5821.00,-68.10,87.00,26.00,1.47
2020-10-11 22:00:00 UTC,0.60,1.15,1.38,5881.00,-69.97,87.00,26.00,1.15
2020-10-11 23:00:00 UTC,0.49,1.04,1.34,5941.00,-68.90,86.83,26.47,1.04,
2020-10-12 00:00:00 UTC,0.52,1.02,1.36,6001.00,-69.23,87.00,27.00,1.02
2020-10-12 01:00:00 UTC,0.42,0.99,1.32,6061.00,-69.87,86.93,27.83,0.99
2020-10-12 02:00:00 UTC,6.23,8.93,9.63,6121.00,-68.37,87.00,28.80,8.86
2020-10-12 03:00:00 UTC,2.67,4.14,4.75,6181.00,-69.40,86.97,29.10,4.14
2020-10-12 04:00:00 UTC,1.54,2.56,2.91,6241.00,-68.53,86.93,29.03,2.56
2020-10-12 05:00:00 UTC,0.95,1.72,1.96,6301.00,-68.83,87.00,29.00,1.72
2020-10-12 06:00:00 UTC,0.77,1.36,1.60,6361.00,-69.27,86.27,29.00,1.36
2020-10-12 07:00:00 UTC,0.60,1.16,1.39,6421.00,-69.03,86.00,29.00,1.16
2020-10-12 08:00:00 UTC,0.35,0.89,1.06,6481.00,-68.80,86.00,28.70,0.89
2020-10-12 09:00:00 UTC,0.16,0.63,0.79,6541.00,-68.43,86.00,28.00,0.63
2020-10-12 10:00:00 UTC,0.05,0.43,0.59,6601.00,-68.10,86.00,28.00,0.43
2020-10-12 11:00:00 UTC,0.02,0.32,0.46,6661.00,-67.80,85.67,28.00,0.32
2020-10-12 12:00:00 UTC,0.26,0.71,0.83,6721.00,-67.37,84.97,28.00,0.71
2020-10-12 13:00:00 UTC,0.61,1.20,1.39,6781.00,-67.97,84.97,28.00,1.20
2020-10-12 14:00:00 UTC,0.25,0.77,0.92,6841.00,-68.73,85.00,28.00,0.77
2020-10-12 15:00:00 UTC,0.06,0.51,0.68,6901.00,-68.17,85.00,28.90,0.51
2020-10-12 16:00:00 UTC,0.34,1.03,1.58,6961.00,-67.87,85.00,30.07,1.03
2020-10-12 17:00:00 UTC,1.84,3.53,4.42,7021.00,-66.67,85.00,31.83,3.53
2020-10-12 18:00:00 UTC,2.02,3.79,4.59,7081.00,-68.20,85.60,32.03,3.79
2020-10-12 19:00:00 UTC,3.57,5.98,6.91,7141.00,-68.03,86.50,30.50,5.98
2020-10-12 20:00:00 UTC,2.66,4.58,5.19,7201.00,-66.60,87.33,28.80,4.58
2020-10-12 21:00:00 UTC,1.72,3.04,3.59,7260.76,-66.17,88.07,27.31,3.04
2020-10-12 22:00:00 UTC,1.21,2.39,2.81,7321.00,-62.37,89.00,26.27,2.39
2020-10-12 23:00:00 UTC,0.73,1.56,1.93,7381.00,-62.40,89.37,24.60,1.56,
2020-10-13 00:00:00 UTC,0.52,1.07,1.37,7441.00,-61.93,87.80,17.23,1.07
2020-10-13 01:00:00 UTC,0.80,1.62,1.96,7501.00,-62.70,87.00,18.33,1.62
2020-10-13 02:00:00 UTC,0.89,1.86,2.26,7561.00,-60.90,87.50,21.33,1.86
2020-10-13 03:00:00 UTC,1.14,2.22,2.71,7621.00,-63.57,87.93,23.00,2.22
2020-10-13 04:00:00 UTC,1.27,2.25,2.69,7681.00,-63.33,87.93,23.00,2.25
2020-10-13 05:00:00 UTC,1.34,2.29,2.63,7741.00,-62.87,87.73,23.60,2.29
2020-10-13 06:00:00 UTC,1.60,2.53,2.76,7801.00,-63.07,87.00,23.77,2.53
2020-10-13 07:00:00 UTC,1.48,2.34,2.57,7861.00,-63.07,87.00,24.00,2.34
2020-10-13 08:00:00 UTC,1.31,2.07,2.24,7921.00,-64.20,87.00,24.00,2.07
2020-10-13 09:00:00 UTC,1.08,1.80,1.98,7981.00,-63.17,87.00,24.00,1.80
2020-10-13 10:00:00 UTC,0.99,1.67,1.80,8041.00,-68.70,87.00,24.27,1.67
2020-10-13 11:00:00 UTC,0.90,1.48,1.61,8101.00,-69.07,86.37,24.83,1.48
2020-10-13 12:00:00 UTC,0.64,1.18,1.33,8161.00,-69.00,86.00,25.00,1.18
2020-10-13 13:00:00 UTC,0.57,0.91,1.02,8221.00,-69.30,86.00,25.00,0.91
2020-10-13 14:00:00 UTC,0.38,0.77,0.90,8281.00,-68.07,86.00,25.70,0.77
2020-10-13 15:00:00 UTC,0.36,0.80,1.02,8341.00,-69.80,85.20,26.90,0.80
2020-10-13 16:00:00 UTC,0.32,0.67,0.90,8401.00,-69.67,85.10,27.00,0.67
2020-10-13 17:00:00 UTC,0.25,0.62,0.87,8461.00,-69.80,85.87,27.73,0.62
2020-10-13 18:00:00 UTC,7.15,12.39,13.83,8521.00,-62.13,85.97,28.00,12.39
2020-10-13 19:00:00 UTC,6.13,10.42,11.82,8581.00,-62.93,86.37,27.40,10.42
2020-10-13 20:00:00 UTC,3.65,6.50,7.42,8641.00,-62.47,87.00,26.33,6.50
2020-10-13 21:00:00 UTC,2.39,4.60,5.39,8701.00,-62.00,87.60,25.17,4.60
2020-10-13 22:00:00 UTC,1.74,3.47,4.07,8761.00,-61.00,88.17,24.17,3.47
2020-10-13 23:00:00 UTC,1.42,2.91,3.48,8821.00,-61.00,89.00,23.13,2.91,
2020-10-14 00:00:00 UTC,1.18,2.71,3.36,8881.00,-62.90,89.00,22.43,2.71
2020-10-14 01:00:00 UTC,0.87,2.22,2.73,8941.00,-63.27,89.00,22.00,2.22
2020-10-14 02:00:00 UTC,0.56,1.68,2.17,9001.00,-62.07,89.00,22.80,1.68
2020-10-14 03:00:00 UTC,0.53,1.58,2.09,9061.00,-63.30,88.97,23.00,1.58
2020-10-14 04:00:00 UTC,0.42,1.17,1.64,9121.00,-63.20,88.73,23.00,1.17
2020-10-14 05:00:00 UTC,0.24,0.73,1.04,9181.00,-69.83,88.00,23.00,0.73
2020-10-14 06:00:00 UTC,0.13,0.64,0.87,9241.00,-69.27,88.00,23.00,0.64
2020-10-14 07:00:00 UTC,0.08,0.51,0.74,9301.00,-70.10,87.97,23.00,0.51
2020-10-14 08:00:00 UTC,0.06,0.43,0.63,9361.00,-69.13,87.37,23.00,0.43
2020-10-14 09:00:00 UTC,0.04,0.30,0.42,9421.00,-69.10,87.00,23.00,0.30
2020-10-14 10:00:00 UTC,0.05,0.32,0.45,9481.00,-69.00,87.00,23.00,0.32
2020-10-14 11:00:00 UTC,0.08,0.44,0.59,9541.00,-68.70,87.00,23.50,0.44
2020-10-14 12:00:00 UTC,0.08,0.54,0.67,9601.00,-69.00,86.37,24.00,0.54
2020-10-14 13:00:00 UTC,0.18,0.71,0.96,9661.00,-69.23,86.00,24.00,0.71
2020-10-14 14:00:00 UTC,0.48,1.13,1.47,9721.00,-68.97,86.00,24.00,1.13
2020-10-14 15:00:00 UTC,0.66,1.63,2.13,9781.00,-67.90,85.93,25.13,1.63
2020-10-14 16:00:00 UTC,1.33,2.75,3.31,9841.00,-69.53,85.70,25.77,2.75
2020-10-14 17:00:00 UTC,5.22,9.28,10.83,9901.00,-70.20,86.00,26.00,9.28
2020-10-14 18:00:00 UTC,2.70,4.95,5.82,9961.00,-69.30,86.00,25.37,4.95
2020-10-14 19:00:00 UTC,1.65,3.02,3.49,10021.00,-67.93,86.00,25.00,3.02
2020-10-14 20:00:00 UTC,1.20,2.28,2.68,10081.00,-68.93,86.87,25.00,2.28
2020-10-14 21:00:00 UTC,0.73,1.58,1.94,10141.00,-68.20,87.87,24.43,1.58
2020-10-14 22:00:00 UTC,0.62,1.28,1.60,10201.00,-69.17,88.83,24.00,1.28
2020-10-14 23:00:00 UTC,0.50,1.05,1.34,10261.00,-68.03,89.00,23.27,1.05,
2020-10-15 00:00:00 UTC,0.42,0.77,1.04,10321.00,-68.77,89.00,23.17,0.77
2020-10-15 01:00:00 UTC,0.47,0.97,1.18,10381.00,-69.63,89.00,23.10,0.97
2020-10-15 02:00:00 UTC,0.79,1.62,1.96,10441.00,-68.57,89.00,23.07,1.62
2020-10-15 03:00:00 UTC,1.58,2.58,3.06,10501.00,-68.57,89.00,23.00,2.58
2020-10-15 04:00:00 UTC,2.08,3.26,3.64,10561.00,-67.83,89.00,23.00,3.26
2020-10-15 05:00:00 UTC,1.81,2.89,3.14,10621.00,-68.40,88.97,23.00,2.89
2020-10-15 06:00:00 UTC,1.68,2.58,2.90,10681.00,-67.37,88.13,22.17,2.58
2020-10-15 07:00:00 UTC,1.59,2.29,2.49,10741.00,-68.53,88.00,22.00,2.29
2020-10-15 08:00:00 UTC,1.43,2.16,2.35,10801.00,-67.80,88.00,22.00,2.16
2020-10-15 09:00:00 UTC,1.33,1.94,2.09,10861.00,-69.07,87.03,22.00,1.94
2020-10-15 10:00:00 UTC,1.07,1.72,1.84,10921.00,-70.03,86.93,22.00,1.72
2020-10-15 11:00:00 UTC,1.03,1.63,1.77,10981.00,-69.87,87.00,22.00,1.63
2020-10-15 12:00:00 UTC,1.05,1.65,1.74,11041.00,-69.47,86.73,22.70,1.65
2020-10-15 13:00:00 UTC,1.10,1.73,1.85,11101.00,-70.03,86.00,23.00,1.73
2020-10-15 14:00:00 UTC,1.67,2.53,2.78,11161.00,-69.70,86.00,23.00,2.53
2020-10-15 15:00:00 UTC,1.91,2.97,3.24,11221.00,-70.57,85.63,24.60,2.97
2020-10-15 16:00:00 UTC,1.79,2.89,3.24,11281.00,-72.33,86.20,24.63,2.89
2020-10-15 17:00:00 UTC,1.58,2.57,2.87,11341.00,-71.17,87.47,24.00,2.57
2020-10-15 18:00:00 UTC,1.11,1.88,2.09,11401.00,-71.60,88.63,23.00,1.88
2020-10-15 19:00:00 UTC,0.97,1.62,1.79,11461.00,-71.37,89.33,22.07,1.62
2020-10-15 20:00:00 UTC,1.01,1.66,1.84,11521.00,-70.57,90.00,22.33,1.66
2020-10-15 21:00:00 UTC,1.17,1.80,2.00,11581.00,-70.27,90.00,23.00,1.80
2020-10-15 22:00:00 UTC,1.42,2.17,2.30,11641.00,-70.67,90.77,22.07,2.17
2020-10-15 23:00:00 UTC,1.69,2.43,2.59,11701.00,-70.87,90.97,21.80,2.43,
2020-10-16 00:00:00 UTC,1.84,2.58,2.78,11761.00,-70.27,91.00,21.03,2.58
2020-10-16 01:00:00 UTC,2.02,2.98,3.25,11821.00,-69.90,90.87,21.00,2.98
2020-10-16 02:00:00 UTC,2.63,4.29,5.11,11881.00,-68.37,90.20,22.13,4.29
2020-10-16 03:00:00 UTC,3.48,5.20,5.80,11941.00,-69.53,90.07,23.00,5.20
2020-10-16 04:00:00 UTC,4.42,6.10,6.63,12001.00,-69.33,90.00,23.00,6.10
2020-10-16 05:00:00 UTC,4.93,6.80,7.20,12061.00,-68.00,90.00,23.00,6.80
2020-10-16 06:00:00 UTC,4.87,6.56,6.87,12121.00,-67.83,90.00,23.00,6.56
2020-10-16 07:00:00 UTC,4.90,6.68,6.95,12181.00,-67.13,90.00,22.97,6.68
2020-10-16 08:00:00 UTC,5.23,7.05,7.36,12241.00,-68.03,89.03,23.00,7.05
2020-10-16 09:00:00 UTC,5.11,6.71,6.93,12301.00,-68.23,89.00,23.00,6.71
2020-10-16 10:00:00 UTC,5.13,6.78,7.02,12361.00,-67.90,89.00,22.77,6.78
2020-10-16 11:00:00 UTC,5.02,6.46,6.70,12421.00,-67.00,88.47,22.53,6.46
2020-10-16 12:00:00 UTC,4.75,6.31,6.47,12481.00,-68.30,88.00,22.07,6.31
2020-10-16 13:00:00 UTC,4.38,5.81,5.98,12541.00,-67.50,88.00,22.00,5.81
2020-10-16 14:00:00 UTC,3.70,4.97,5.12,12601.00,-68.80,87.97,22.23,4.97
2020-10-16 15:00:00 UTC,3.17,4.31,4.55,12661.00,-70.33,87.40,23.90,4.31
2020-10-16 16:00:00 UTC,2.48,3.47,3.76,12721.00,-69.50,88.00,24.00,3.47
2020-10-16 17:00:00 UTC,2.12,3.07,3.38,12781.00,-69.77,88.00,24.00,3.07
2020-10-16 18:00:00 UTC,1.40,2.16,2.32,12841.00,-69.63,88.00,24.17,2.16
2020-10-16 19:00:00 UTC,0.96,1.60,1.76,12901.00,-69.33,88.00,24.70,1.60
2020-10-16 20:00:00 UTC,0.76,1.27,1.36,12961.00,-70.07,88.00,25.00,1.27
2020-10-16 21:00:00 UTC,0.68,1.08,1.24,13021.00,-69.93,88.00,25.00,1.08
2020-10-16 22:00:00 UTC,0.68,1.24,1.41,13081.00,-69.27,88.00,25.80,1.24
2020-10-16 23:00:00 UTC,0.49,0.88,1.10,13141.00,-69.53,88.00,26.00,0.88,
2020-10-17 00:00:00 UTC,0.41,0.78,1.05,13201.00,-69.13,88.63,26.00,0.78
2020-10-17 01:00:00 UTC,0.12,0.47,0.67,13261.00,-68.73,89.00,25.73,0.47
2020-10-17 02:00:00 UTC,0.04,0.29,0.44,13321.00,-68.00,89.00,25.00,0.29
2020-10-17 03:00:00 UTC,0.05,0.24,0.34,13381.00,-68.60,88.97,25.33,0.24
2020-10-17 04:00:00 UTC,0.02,0.20,0.26,13441.00,-69.03,89.00,26.00,0.20
2020-10-17 05:00:00 UTC,0.04,0.26,0.34,13501.00,-69.27,88.70,26.00,0.26
2020-10-17 06:00:00 UTC,0.03,0.16,0.20,13561.00,-67.77,88.03,26.00,0.16
2020-10-17 07:00:00 UTC,0.01,0.09,0.13,13621.00,-69.33,88.00,26.00,0.09
2020-10-17 08:00:00 UTC,0.00,0.08,0.10,13681.00,-67.80,88.00,26.00,0.08
2020-10-17 09:00:00 UTC,0.00,0.03,0.07,13741.00,-67.77,87.97,26.00,0.03
2020-10-17 10:00:00 UTC,0.00,0.02,0.04,13801.00,-73.60,87.13,26.00,0.02
2020-10-17 11:00:00 UTC,0.00,0.02,0.05,13861.00,-74.40,87.00,25.77,0.02
2020-10-17 12:00:00 UTC,0.00,0.03,0.06,13921.00,-74.57,87.00,25.43,0.03
2020-10-17 13:00:00 UTC,0.00,0.01,0.05,13981.00,-74.50,87.00,25.00,0.01
2020-10-17 14:00:00 UTC,0.00,0.04,0.09,14041.00,-75.20,86.33,25.00,0.04
2020-10-17 15:00:00 UTC,0.00,0.07,0.17,14101.00,-74.27,86.00,25.00,0.07
2020-10-17 16:00:00 UTC,0.01,0.09,0.16,14161.00,-74.50,86.00,25.00,0.09
2020-10-17 17:00:00 UTC,0.01,0.18,0.28,14221.00,-73.63,85.97,25.00,0.18
2020-10-17 18:00:00 UTC,0.07,0.30,0.39,14281.00,-74.53,86.00,25.00,0.30
2020-10-17 19:00:00 UTC,0.15,0.56,0.68,14341.00,-74.47,85.97,25.00,0.56
2020-10-17 20:00:00 UTC,0.32,0.86,1.05,14401.00,-74.83,85.93,25.00,0.86
2020-10-17 21:00:00 UTC,0.62,1.17,1.38,14461.00,-74.87,86.00,24.43,1.17
2020-10-17 22:00:00 UTC,0.80,1.48,1.74,14521.00,-74.73,85.70,24.00,1.48
2020-10-17 23:00:00 UTC,1.02,1.92,2.22,14581.00,-73.90,85.03,24.00,1.92,
2020-10-18 00:00:00 UTC,1.20,2.17,2.47,14641.00,-74.57,85.00,24.00,2.17
2020-10-18 01:00:00 UTC,1.81,2.82,3.14,14701.00,-74.73,85.00,24.00,2.82
2020-10-18 02:00:00 UTC,2.57,3.76,4.07,14761.00,-74.23,85.00,24.13,3.76
2020-10-18 03:00:00 UTC,3.50,5.06,5.40,14821.00,-74.23,85.00,25.00,5.06
2020-10-18 04:00:00 UTC,4.32,6.08,6.38,14881.00,-73.93,84.97,25.00,6.08
2020-10-18 05:00:00 UTC,4.31,6.07,6.38,14941.00,-73.83,84.93,25.00,6.07
2020-10-18 06:00:00 UTC,3.91,5.59,5.95,15001.00,-74.30,84.07,25.00,5.59
2020-10-18 07:00:00 UTC,3.32,4.78,5.16,15061.00,-74.53,84.00,24.47,4.78
2020-10-18 08:00:00 UTC,2.65,3.95,4.22,15121.00,-74.40,83.97,24.00,3.95
2020-10-18 09:00:00 UTC,2.38,3.55,3.83,15181.00,-74.13,84.00,24.00,3.55
2020-10-18 10:00:00 UTC,1.93,3.00,3.29,15241.00,-77.37,84.00,24.00,3.00
2020-10-18 11:00:00 UTC,1.64,2.46,2.79,15301.00,-78.03,83.70,24.00,2.46
2020-10-18 12:00:00 UTC,1.28,2.12,2.35,15361.00,-78.17,83.00,24.00,2.12
2020-10-18 13:00:00 UTC,0.93,1.66,1.84,15421.00,-78.17,83.00,24.00,1.66
2020-10-18 14:00:00 UTC,0.78,1.51,1.67,15481.00,-78.07,82.97,24.00,1.51
2020-10-18 15:00:00 UTC,0.60,1.04,1.22,15541.00,-78.00,83.00,24.53,1.04
2020-10-18 16:00:00 UTC,0.49,0.85,0.97,15601.00,-78.73,82.97,25.00,0.85
2020-10-18 17:00:00 UTC,0.36,0.71,0.82,15661.00,-77.80,82.97,25.70,0.71
2020-10-18 18:00:00 UTC,0.26,0.64,0.71,15721.00,-77.87,82.97,26.00,0.64
2020-10-18 19:00:00 UTC,0.19,0.53,0.59,15781.00,-78.50,83.00,26.87,0.53
2020-10-18 20:00:00 UTC,0.09,0.36,0.42,15841.00,-77.93,82.97,27.00,0.36
2020-10-18 21:00:00 UTC,0.08,0.33,0.39,15901.00,-77.70,82.70,27.63,0.33
2020-10-18 22:00:00 UTC,0.24,0.51,0.55,15961.00,-77.77,82.70,28.00,0.51
2020-10-18 23:00:00 UTC,0.54,0.83,0.88,16021.00,-78.43,82.60,28.33,0.83,
2020-10-19 00:00:00 UTC,0.80,1.12,1.20,16081.00,-78.37,82.03,29.00,1.12
2020-10-19 01:00:00 UTC,0.76,1.11,1.17,16141.00,-78.03,82.17,29.00,1.11
2020-10-19 02:00:00 UTC,0.89,1.27,1.33,16201.00,-78.33,82.00,29.00,1.27
2020-10-19 03:00:00 UTC,0.99,1.46,1.56,16261.00,-78.57,82.00,29.00,1.46
2020-10-19 04:00:00 UTC,0.97,1.54,1.69,16321.00,-76.47,82.00,29.00,1.54
2020-10-19 05:00:00 UTC,0.82,1.25,1.34,16381.00,-78.37,81.97,29.00,1.25
2020-10-19 06:00:00 UTC,0.61,0.90,0.96,16441.00,-79.43,82.00,29.00,0.90
2020-10-19 07:00:00 UTC,0.37,0.69,0.75,16501.00,-78.80,82.00,29.00,0.69
2020-10-19 08:00:00 UTC,0.15,0.40,0.46,16561.00,-79.37,82.00,28.73,0.40
2020-10-19 09:00:00 UTC,0.02,0.21,0.27,16621.00,-78.60,82.00,28.00,0.21
2020-10-19 10:00:00 UTC,0.00,0.08,0.14,16681.00,-78.67,82.00,28.00,0.08
2020-10-19 11:00:00 UTC,0.00,0.05,0.11,16741.00,-79.27,82.00,28.00,0.05
2020-10-19 12:00:00 UTC,0.00,0.02,0.05,16801.00,-79.00,82.00,28.00,0.02
2020-10-19 13:00:00 UTC,0.00,0.01,0.06,16861.00,-78.67,82.00,28.00,0.01
2020-10-19 14:00:00 UTC,0.00,0.02,0.07,16921.00,-78.03,81.97,28.03,0.02
2020-10-19 15:00:00 UTC,0.02,0.17,0.33,16981.00,-76.13,82.00,28.97,0.17
2020-10-19 16:00:00 UTC,0.48,0.96,1.26,17041.00,-76.50,82.00,29.60,0.96
2020-10-19 17:00:00 UTC,0.98,1.79,2.15,17101.00,-75.37,82.00,30.77,1.79
2020-10-19 18:00:00 UTC,1.28,2.45,3.08,17161.00,-73.93,82.03,32.87,2.45
2020-10-19 19:00:00 UTC,0.90,1.79,2.14,17221.00,-74.07,82.80,32.00,1.79
2020-10-19 20:00:00 UTC,0.80,1.43,1.80,17281.00,-74.50,83.00,32.00,1.43
2020-10-19 21:00:00 UTC,0.69,1.29,1.56,17341.00,-75.60,83.00,31.33,1.29
2020-10-19 22:00:00 UTC,0.75,1.40,1.70,17401.00,-76.40,83.00,31.13,1.40
2020-10-19 23:00:00 UTC,0.63,1.23,1.46,17461.00,-76.53,83.00,31.73,1.23,
2020-10-20 00:00:00 UTC,0.82,1.81,2.40,17521.00,-75.90,82.97,32.27,1.81
2020-10-20 01:00:00 UTC,1.10,2.26,3.01,17581.00,-76.80,82.97,33.00,2.26
2020-10-20 02:00:00 UTC,1.70,3.66,4.67,17641.00,-77.40,83.00,33.00,3.66
2020-10-20 03:00:00 UTC,1.44,3.16,4.02,17701.00,-75.83,83.00,33.00,3.16
2020-10-20 04:00:00 UTC,1.04,2.29,2.93,17761.00,-76.77,83.03,32.00,2.29
2020-10-20 05:00:00 UTC,0.80,1.67,2.08,17821.00,-77.20,83.70,31.13,1.67
2020-10-20 06:00:00 UTC,0.75,1.40,1.72,17881.00,-77.93,83.00,30.17,1.40
2020-10-20 07:00:00 UTC,0.63,1.24,1.43,17941.00,-77.43,83.00,29.97,1.24
2020-10-20 08:00:00 UTC,0.59,1.07,1.26,18001.00,-77.37,83.00,29.00,1.07
2020-10-20 09:00:00 UTC,0.60,1.12,1.37,18061.00,-78.37,83.00,29.00,1.12
2020-10-20 10:00:00 UTC,0.42,0.90,1.03,18121.00,-71.17,83.00,29.00,0.90
2020-10-20 11:00:00 UTC,0.34,0.81,0.94,18181.00,-71.27,82.93,28.03,0.81
2020-10-20 12:00:00 UTC,0.25,0.76,0.90,18241.00,-70.93,82.50,28.00,0.76
2020-10-20 13:00:00 UTC,0.17,0.61,0.69,18301.00,-70.97,82.00,28.00,0.61
2020-10-20 14:00:00 UTC,0.29,0.72,0.90,18361.00,-71.60,82.00,28.00,0.72
2020-10-20 15:00:00 UTC,0.65,1.21,1.45,18421.00,-72.70,81.97,28.90,1.21
2020-10-20 16:00:00 UTC,1.07,1.90,2.34,18481.00,-66.03,82.27,29.00,1.90
2020-10-20 17:00:00 UTC,1.56,2.74,3.27,18541.00,-65.30,83.00,28.97,2.74
2020-10-20 18:00:00 UTC,1.89,3.16,3.70,18601.00,-65.77,83.30,28.10,3.16
2020-10-20 19:00:00 UTC,1.56,2.51,2.92,18661.00,-65.50,84.07,28.00,2.51
2020-10-20 20:00:00 UTC,1.65,2.71,3.09,18721.00,-66.30,85.00,27.00,2.71
2020-10-20 21:00:00 UTC,1.56,2.65,3.06,18781.00,-65.97,85.97,27.00,2.65
2020-10-20 22:00:00 UTC,1.80,2.91,3.34,18841.00,-65.80,87.07,25.87,2.91
2020-10-20 23:00:00 UTC,1.95,3.00,3.38,18901.00,-65.60,88.00,24.60,3.00,
2020-10-21 00:00:00 UTC,7.09,11.39,12.56,18961.00,-66.13,88.37,23.97,10.86
2020-10-21 01:00:00 UTC,12.10,20.25,22.83,19021.00,-65.23,88.97,25.20,20.24
2020-10-21 02:00:00 UTC,9.37,14.80,16.45,19081.00,-65.60,89.00,27.00,14.80
2020-10-21 03:00:00 UTC,6.10,9.34,10.26,19141.00,-66.60,89.00,26.93,9.34
2020-10-21 04:00:00 UTC,4.83,7.22,8.02,19201.00,-66.33,89.00,26.00,7.22
2020-10-21 05:00:00 UTC,3.96,5.85,6.45,19261.00,-66.17,88.97,26.00,5.85
2020-10-21 06:00:00 UTC,3.46,5.13,5.68,19321.00,-66.67,88.63,25.40,5.13
2020-10-21 07:00:00 UTC,3.00,4.37,4.67,19381.00,-67.23,88.97,24.83,4.37
2020-10-21 08:00:00 UTC,2.84,3.96,4.23,19441.00,-66.63,88.97,24.00,3.96
2020-10-21 09:00:00 UTC,3.36,4.55,4.75,19501.00,-67.07,88.93,23.93,4.55
2020-10-21 10:00:00 UTC,4.05,5.43,5.68,19561.00,-66.43,88.43,23.10,5.43
2020-10-21 11:00:00 UTC,4.81,6.18,6.43,19621.00,-66.73,88.00,23.00,6.18
2020-10-21 12:00:00 UTC,5.08,6.71,6.94,19681.00,-66.23,87.97,23.00,6.71
2020-10-21 13:00:00 UTC,4.92,6.38,6.58,19741.00,-67.13,87.43,23.00,6.38
2020-10-21 14:00:00 UTC,4.50,5.81,6.02,19801.00,-66.30,87.00,23.00,5.81
2020-10-21 15:00:00 UTC,4.19,5.58,5.89,19861.00,-66.53,87.00,24.53,5.58
2020-10-21 16:00:00 UTC,3.72,5.05,5.45,19921.00,-66.97,87.00,25.00,5.05
2020-10-21 17:00:00 UTC,3.34,4.56,4.92,19981.00,-65.87,87.00,24.47,4.56
2020-10-21 18:00:00 UTC,2.54,3.54,3.85,20041.00,-65.83,87.00,23.83,3.54
2020-10-21 19:00:00 UTC,1.86,2.58,2.74,20101.00,-65.93,86.57,23.00,2.58
2020-10-21 20:00:00 UTC,1.37,1.98,2.17,20161.00,-65.93,86.13,23.03,1.98
2020-10-21 21:00:00 UTC,1.22,1.76,1.91,20221.00,-66.37,86.90,23.00,1.76
2020-10-21 22:00:00 UTC,1.46,2.07,2.25,20281.00,-65.63,86.60,23.03,2.07
2020-10-21 23:00:00 UTC,1.46,2.01,2.12,20341.00,-65.50,86.23,23.00,2.01,
2020-10-22 00:00:00 UTC,1.35,1.94,2.09,20401.00,-65.73,87.00,23.03,1.94
2020-10-22 01:00:00 UTC,2.55,3.72,4.03,20461.00,-65.77,85.67,20.80,3.72
2020-10-22 02:00:00 UTC,1.91,2.78,3.00,20521.00,-67.00,85.67,21.83,2.78
2020-10-22 03:00:00 UTC,2.43,3.39,3.62,20581.00,-67.37,85.90,22.67,3.39
2020-10-22 04:00:00 UTC,2.69,3.66,3.87,20641.00,-68.67,85.43,23.00,3.66
2020-10-22 05:00:00 UTC,2.47,3.43,3.59,20701.00,-68.83,85.00,23.00,3.43
2020-10-22 06:00:00 UTC,2.28,3.13,3.34,20761.00,-67.93,85.00,23.00,3.13
2020-10-22 07:00:00 UTC,2.25,3.12,3.27,20821.00,-67.30,85.00,23.00,3.12
2020-10-22 08:00:00 UTC,2.24,3.00,3.16,20881.00,-67.43,84.30,23.00,3.00
2020-10-22 09:00:00 UTC,2.21,3.06,3.20,20941.00,-68.30,83.97,23.00,3.06
2020-10-22 10:00:00 UTC,2.39,3.26,3.43,21001.00,-66.63,84.00,22.27,3.26
2020-10-22 11:00:00 UTC,2.62,3.56,3.70,21061.00,-66.50,83.20,22.00,3.56
2020-10-22 12:00:00 UTC,2.41,3.30,3.42,21121.00,-65.40,83.00,22.00,3.30
2020-10-22 13:00:00 UTC,2.19,3.01,3.12,21180.67,-66.04,82.96,22.00,3.01
2020-10-22 14:00:00 UTC,2.11,3.03,3.19,21240.14,-66.89,82.82,22.29,3.03
2020-10-22 15:00:00 UTC,2.30,3.37,3.71,21301.00,-64.57,82.03,23.83,3.37
2020-10-22 16:00:00 UTC,2.40,3.69,4.17,21361.00,-65.40,82.00,24.00,3.69
2020-10-22 17:00:00 UTC,2.59,3.97,4.47,21421.00,-65.03,82.53,24.13,3.97
2020-10-22 18:00:00 UTC,3.06,4.50,4.90,21481.00,-64.93,83.27,23.63,4.50
2020-10-22 19:00:00 UTC,3.13,4.48,4.84,21541.00,-65.87,84.00,22.83,4.48
2020-10-22 20:00:00 UTC,3.05,4.15,4.40,21601.00,-65.60,84.00,22.00,4.15
2020-10-22 21:00:00 UTC,3.32,4.52,4.81,21661.00,-65.27,84.87,22.00,4.52
2020-10-22 22:00:00 UTC,3.64,4.85,5.14,21721.00,-65.67,85.87,22.97,4.85
2020-10-22 23:00:00 UTC,3.50,4.66,4.92,21781.00,-66.17,86.00,22.87,4.66,
2020-10-23 00:00:00 UTC,3.24,4.33,4.54,21841.00,-65.00,86.00,22.03,4.33
2020-10-23 01:00:00 UTC,3.50,4.57,4.79,21901.00,-64.87,86.00,22.00,4.57
2020-10-23 02:00:00 UTC,3.87,5.20,5.47,21961.00,-65.10,85.33,21.97,5.20
2020-10-23 03:00:00 UTC,4.29,5.67,6.03,22021.00,-64.87,85.00,22.00,5.67
2020-10-23 04:00:00 UTC,4.63,6.24,6.60,22081.00,-65.30,84.97,22.00,6.24
2020-10-23 05:00:00 UTC,5.00,6.53,6.86,22141.00,-65.53,85.00,22.00,6.53
2020-10-23 06:00:00 UTC,5.45,7.10,7.38,22201.00,-65.07,85.00,22.00,7.10
2020-10-23 07:00:00 UTC,5.20,6.71,6.95,22261.00,-65.03,85.00,21.40,6.71
2020-10-23 08:00:00 UTC,4.77,6.10,6.27,22321.00,-64.10,84.20,21.00,6.10
2020-10-23 09:00:00 UTC,3.90,5.10,5.30,22381.00,-65.23,84.00,21.00,5.10
2020-10-23 10:00:00 UTC,3.28,4.24,4.39,22441.00,-62.97,84.00,21.00,4.24
2020-10-23 11:00:00 UTC,2.77,3.66,3.79,22501.00,-62.87,84.00,21.00,3.66
2020-10-23 12:00:00 UTC,2.28,3.04,3.14,22561.00,-62.10,83.97,21.00,3.04
2020-10-23 13:00:00 UTC,2.58,3.48,3.62,22621.00,-62.13,83.10,21.00,3.48
2020-10-23 14:00:00 UTC,2.75,3.73,3.86,22681.00,-62.63,83.00,21.00,3.73
2020-10-23 15:00:00 UTC,2.76,3.74,3.93,22741.00,-62.53,83.00,21.83,3.74
2020-10-23 16:00:00 UTC,3.41,4.69,5.06,22801.00,-62.87,82.97,22.00,4.69
2020-10-23 17:00:00 UTC,3.78,5.18,5.48,22861.00,-62.13,83.00,22.00,5.18
2020-10-23 18:00:00 UTC,3.69,4.97,5.25,22921.00,-62.73,83.00,21.50,4.97
2020-10-23 19:00:00 UTC,2.82,3.89,4.11,22981.00,-63.07,83.00,21.00,3.89
2020-10-23 20:00:00 UTC,2.69,3.67,3.85,23041.00,-62.07,83.00,21.00,3.67
2020-10-23 21:00:00 UTC,3.04,4.16,4.44,23101.00,-61.63,83.00,21.73,4.16
2020-10-23 22:00:00 UTC,3.19,4.35,4.61,23161.00,-61.73,83.00,22.00,4.35
2020-10-23 23:00:00 UTC,3.12,4.47,4.75,23221.00,-62.63,83.00,22.93,4.47,
2020-10-24 00:00:00 UTC,2.71,3.82,4.14,23281.00,-62.77,83.73,22.40,3.82
2020-10-24 01:00:00 UTC,2.45,3.44,3.63,23341.00,-61.90,84.00,22.00,3.44
2020-10-24 02:00:00 UTC,2.30,3.22,3.52,23401.00,-62.37,84.10,22.00,3.22
2020-10-24 03:00:00 UTC,1.93,2.78,3.04,23461.00,-62.50,84.97,22.33,2.78
2020-10-24 04:00:00 UTC,1.54,2.35,2.55,23521.00,-62.20,84.93,22.73,2.35
2020-10-24 05:00:00 UTC,1.23,1.80,1.96,23581.00,-62.17,85.00,22.00,1.80
2020-10-24 06:00:00 UTC,0.97,1.50,1.60,23641.00,-62.03,84.77,22.00,1.50
2020-10-24 07:00:00 UTC,0.84,1.28,1.36,23701.00,-62.23,84.00,22.00,1.28
2020-10-24 08:00:00 UTC,0.81,1.21,1.31,23761.00,-62.43,84.00,22.00,1.21
2020-10-24 09:00:00 UTC,0.94,1.41,1.52,23821.00,-62.73,84.00,21.77,1.41
2020-10-24 10:00:00 UTC,1.29,1.81,1.91,23881.00,-62.87,84.00,21.00,1.81
2020-10-24 11:00:00 UTC,1.56,2.11,2.21,23941.00,-62.20,83.30,21.00,2.11
2020-10-24 12:00:00 UTC,1.64,2.23,2.31,24001.00,-63.03,83.00,21.00,2.23
2020-10-24 13:00:00 UTC,1.77,2.43,2.59,24061.00,-63.10,83.00,20.50,2.43
2020-10-24 14:00:00 UTC,1.70,2.41,2.55,24121.00,-61.97,83.00,20.20,2.41
2020-10-24 15:00:00 UTC,1.76,2.44,2.62,24181.00,-61.67,83.00,20.23,2.44
2020-10-24 16:00:00 UTC,1.91,2.67,2.93,24241.00,-62.77,83.00,20.73,2.67
2020-10-24 17:00:00 UTC,2.27,3.24,3.52,24301.00,-62.63,83.00,20.77,3.24
2020-10-24 18:00:00 UTC,2.44,3.53,3.76,24361.00,-62.90,82.97,21.87,3.53
2020-10-24 19:00:00 UTC,2.44,3.62,3.88,24421.00,-61.50,83.00,22.20,3.62
2020-10-24 20:00:00 UTC,2.68,3.88,4.16,24481.00,-61.47,83.47,23.27,3.88
2020-10-24 21:00:00 UTC,3.78,5.04,5.37,24541.00,-61.33,84.00,22.90,5.04
2020-10-24 22:00:00 UTC,3.24,4.41,4.68,24600.28,-66.66,84.45,21.76,4.41
2020-10-24 23:00:00 UTC,2.60,3.62,3.89,24661.93,-67.76,85.00,20.83,3.62,
2020-10-25 00:00:00 UTC,2.67,3.69,3.99,24721.00,-65.03,85.00,20.00,3.69
2020-10-25 01:00:00 UTC,2.74,3.85,4.10,24781.00,-65.20,84.97,19.40,3.85
2020-10-25 02:00:00 UTC,3.23,4.42,4.68,24841.00,-65.77,84.97,19.97,4.42
2020-10-25 03:00:00 UTC,3.56,4.83,5.17,24901.00,-67.90,85.00,20.00,4.83
2020-10-25 04:00:00 UTC,3.86,5.30,5.64,24951.00,-72.35,84.40,20.00,5.30
2020-10-25 05:00:00 UTC,,,,,,,,
2020-10-25 06:00:00 UTC,,,,,,,,
2020-10-25 07:00:00 UTC,,,,,,,,
2020-10-25 08:00:00 UTC,5.16,7.00,7.51,4.00,-74.00,84.00,19.00,7.00,
2020-10-26 04:00:00 UTC,7.07,9.54,9.87,31.43,-76.57,86.14,17.39,9.54
2020-10-26 05:00:00 UTC,7.06,9.44,9.81,91.00,-75.37,86.00,17.73,9.44
2020-10-26 06:00:00 UTC,7.10,9.57,9.88,151.00,-75.17,85.93,17.00,9.57
2020-10-26 07:00:00 UTC,6.85,9.07,9.30,211.00,-76.47,85.07,17.00,9.07
2020-10-26 08:00:00 UTC,6.74,8.87,9.15,271.00,-75.47,84.97,17.00,8.87
2020-10-26 09:00:00 UTC,6.45,8.58,8.85,331.00,-75.43,85.00,17.00,8.58
2020-10-26 10:00:00 UTC,6.51,8.65,8.87,391.00,-82.43,84.27,17.00,8.65
2020-10-26 11:00:00 UTC,6.59,8.78,9.01,451.00,-81.97,84.00,17.00,8.78
2020-10-26 12:00:00 UTC,6.73,8.86,9.14,511.00,-81.50,83.93,17.00,8.86
2020-10-26 13:00:00 UTC,6.54,8.55,8.77,571.00,-81.87,84.00,17.00,8.55
2020-10-26 14:00:00 UTC,6.61,8.90,9.19,631.00,-82.10,83.83,17.67,8.90
2020-10-26 15:00:00 UTC,6.40,8.68,9.00,691.00,-82.20,83.20,18.00,8.68
2020-10-26 16:00:00 UTC,6.53,8.87,9.33,751.00,-82.13,83.30,18.00,8.87
2020-10-26 17:00:00 UTC,6.77,9.62,10.24,811.00,-83.37,83.53,19.57,9.62
2020-10-26 18:00:00 UTC,6.39,9.08,9.72,871.00,-82.27,84.17,19.80,9.08
2020-10-26 19:00:00 UTC,6.05,8.32,8.73,931.00,-83.33,85.17,18.53,8.32
2020-10-26 20:00:00 UTC,5.91,8.12,8.52,991.00,-83.67,85.87,17.97,8.12
2020-10-26 21:00:00 UTC,5.79,7.75,8.04,1051.00,-83.87,86.30,17.00,7.75
2020-10-26 22:00:00 UTC,5.52,7.47,7.74,1111.00,-83.80,87.00,17.00,7.47
2020-10-26 23:00:00 UTC,5.14,6.86,7.14,1171.00,-84.53,86.97,17.43,6.86,
2020-10-27 00:00:00 UTC,4.81,6.46,6.75,1231.00,-83.73,87.00,17.97,6.46
2020-10-27 01:00:00 UTC,7.29,10.25,10.81,1291.00,-83.63,86.90,17.97,10.25
2020-10-27 02:00:00 UTC,7.73,10.77,11.29,1351.00,-83.27,86.50,18.47,10.77
2020-10-27 03:00:00 UTC,6.92,9.60,10.20,1411.00,-83.43,86.00,18.50,9.60
2020-10-27 04:00:00 UTC,6.79,9.33,9.88,1471.00,-83.57,86.00,18.00,9.33
2020-10-27 05:00:00 UTC,6.63,9.03,9.37,1531.00,-83.50,85.97,18.00,9.03
2020-10-27 06:00:00 UTC,6.23,8.32,8.65,1591.00,-83.67,85.63,18.00,8.32
2020-10-27 07:00:00 UTC,5.98,8.00,8.29,1651.00,-83.30,85.00,18.00,8.00
2020-10-27 08:00:00 UTC,5.49,7.23,7.48,1711.00,-83.63,85.00,18.00,7.23
2020-10-27 09:00:00 UTC,5.55,7.39,7.60,1771.00,-83.50,84.97,18.00,7.39
2020-10-27 10:00:00 UTC,5.47,7.21,7.42,1831.00,-83.40,84.93,18.03,7.21
2020-10-27 11:00:00 UTC,5.56,7.42,7.66,1891.00,-83.20,84.13,18.87,7.42
2020-10-27 12:00:00 UTC,5.83,7.76,8.03,1951.00,-83.07,84.00,19.00,7.76
2020-10-27 13:00:00 UTC,5.96,7.95,8.21,2011.00,-84.17,84.00,19.00,7.95
2020-10-27 14:00:00 UTC,6.60,9.02,9.40,2071.00,-84.10,83.93,19.17,9.02
2020-10-27 15:00:00 UTC,7.84,11.37,12.15,2131.00,-83.57,84.00,20.80,11.37
2020-10-27 16:00:00 UTC,7.72,11.08,11.82,2191.00,-84.07,83.97,22.00,11.08
2020-10-27 17:00:00 UTC,7.59,10.60,11.13,2251.00,-83.63,83.97,22.00,10.60
2020-10-27 18:00:00 UTC,7.24,10.05,10.45,2311.00,-83.67,84.30,21.47,10.05
2020-10-27 19:00:00 UTC,6.79,9.21,9.55,2371.00,-80.83,84.97,21.00,9.21
2020-10-27 20:00:00 UTC,6.37,8.76,9.21,2431.00,-74.27,86.00,21.00,8.77
2020-10-27 21:00:00 UTC,6.38,8.80,9.30,2491.00,-74.50,86.90,20.87,8.80
2020-10-27 22:00:00 UTC,5.79,7.90,8.21,2551.00,-73.00,87.70,20.00,7.90
2020-10-27 23:00:00 UTC,4.96,6.68,6.97,2611.00,-75.03,88.83,19.67,6.68,
2020-10-28 00:00:00 UTC,4.23,5.82,6.11,2671.00,-74.30,88.97,20.57,5.82
2020-10-28 01:00:00 UTC,3.83,5.33,5.66,2731.00,-73.50,89.00,20.00,5.33
2020-10-28 02:00:00 UTC,3.44,4.82,5.08,2791.00,-73.50,89.00,19.73,4.82
2020-10-28 03:00:00 UTC,3.55,4.91,5.17,2851.00,-73.83,88.53,19.00,4.91
2020-10-28 04:00:00 UTC,4.07,5.66,6.06,2911.00,-73.97,88.00,19.03,5.66
2020-10-28 05:00:00 UTC,4.43,6.08,6.45,2971.00,-74.57,88.00,19.00,6.08
2020-10-28 06:00:00 UTC,4.47,6.13,6.39,3031.00,-74.67,87.83,19.00,6.13
2020-10-28 07:00:00 UTC,4.70,6.36,6.60,3091.00,-75.07,87.07,19.00,6.36
2020-10-28 08:00:00 UTC,4.66,6.23,6.47,3151.00,-74.07,87.00,19.17,6.23
2020-10-28 09:00:00 UTC,4.77,6.41,6.60,3211.00,-74.20,86.77,20.00,6.41
2020-10-28 10:00:00 UTC,4.48,6.03,6.26,3271.86,-81.34,86.00,20.00,6.03
2020-10-28 11:00:00 UTC,4.31,5.86,6.11,3331.00,-81.83,85.97,20.00,5.86
2020-10-28 12:00:00 UTC,4.45,6.03,6.22,3391.00,-82.77,85.90,20.00,6.03
2020-10-28 13:00:00 UTC,4.21,5.61,5.83,3451.00,-82.23,85.27,20.00,5.61
2020-10-28 14:00:00 UTC,3.93,5.29,5.57,3511.00,-82.17,85.00,20.50,5.29
2020-10-28 15:00:00 UTC,3.77,5.18,5.48,3571.00,-82.67,85.00,21.90,5.18
2020-10-28 16:00:00 UTC,3.50,4.88,5.24,3631.00,-83.03,84.93,22.03,4.88
2020-10-28 17:00:00 UTC,3.44,4.87,5.28,3691.00,-84.33,85.00,22.60,4.87
2020-10-28 18:00:00 UTC,2.82,4.06,4.31,3751.00,-85.03,85.00,22.00,4.06
2020-10-28 19:00:00 UTC,2.36,3.38,3.65,3811.00,-85.53,84.97,22.00,3.38
2020-10-28 20:00:00 UTC,2.12,3.01,3.24,3871.00,-85.37,85.00,22.00,3.01
2020-10-28 21:00:00 UTC,1.92,2.74,2.92,3931.00,-85.87,84.97,22.00,2.74
2020-10-28 22:00:00 UTC,1.64,2.34,2.54,3991.00,-85.40,84.97,22.10,2.34
2020-10-28 23:00:00 UTC,1.55,2.13,2.31,4051.00,-84.97,85.00,23.00,2.13,
2020-10-29 00:00:00 UTC,1.74,2.50,2.73,4111.00,-85.70,85.00,23.33,2.50
2020-10-29 01:00:00 UTC,2.57,3.75,4.11,4171.00,-85.77,84.93,24.20,3.75
2020-10-29 02:00:00 UTC,3.28,4.80,5.19,4231.00,-83.37,85.00,25.00,4.80
2020-10-29 03:00:00 UTC,3.96,5.68,6.03,4291.00,-83.87,85.00,25.00,5.68
2020-10-29 04:00:00 UTC,4.44,6.25,6.59,4351.00,-83.33,85.00,25.00,6.25
2020-10-29 05:00:00 UTC,4.82,6.72,7.04,4411.00,-80.80,84.97,25.00,6.72
2020-10-29 06:00:00 UTC,5.42,7.46,7.84,4471.00,-80.67,85.00,25.00,7.46
2020-10-29 07:00:00 UTC,5.48,7.68,8.01,4531.00,-80.50,84.97,24.73,7.68
2020-10-29 08:00:00 UTC,5.85,8.22,8.59,4591.00,-80.27,85.00,24.83,8.22
2020-10-29 09:00:00 UTC,5.87,8.19,8.47,4651.00,-80.83,84.60,24.97,8.19
2020-10-29 10:00:00 UTC,5.43,7.57,7.86,4711.00,-82.47,84.70,25.00,7.57
2020-10-29 11:00:00 UTC,4.62,6.44,6.70,4771.00,-83.70,84.00,25.00,6.44
2020-10-29 12:00:00 UTC,3.98,5.45,5.66,4831.00,-83.03,84.00,25.00,5.45
2020-10-29 13:00:00 UTC,3.09,4.29,4.45,4891.00,-82.53,84.00,25.00,4.29
2020-10-29 14:00:00 UTC,3.09,4.37,4.57,4951.00,-82.37,83.93,25.00,4.37
2020-10-29 15:00:00 UTC,3.13,4.59,4.95,5011.00,-82.13,84.00,25.67,4.59
2020-10-29 16:00:00 UTC,3.13,4.64,5.11,5071.00,-83.43,84.00,25.90,4.64
2020-10-29 17:00:00 UTC,3.14,4.63,5.03,5131.00,-82.80,84.67,26.60,4.63
2020-10-29 18:00:00 UTC,3.23,4.73,5.13,5191.00,-81.03,84.97,26.07,4.73
2020-10-29 19:00:00 UTC,3.01,4.26,4.54,5251.00,-81.57,84.97,25.10,4.26
2020-10-29 20:00:00 UTC,2.94,4.11,4.34,5311.00,-82.03,85.53,24.83,4.11
2020-10-29 21:00:00 UTC,2.97,4.09,4.29,5371.00,-82.10,85.97,24.00,4.09
2020-10-29 22:00:00 UTC,3.18,4.25,4.39,5431.00,-82.23,86.20,24.00,4.25
2020-10-29 23:00:00 UTC,3.25,4.32,4.52,5491.00,-81.43,86.97,24.00,4.32,
2020-10-30 00:00:00 UTC,3.10,4.11,4.29,5551.00,-81.53,86.90,23.97,4.11
2020-10-30 01:00:00 UTC,2.74,3.68,3.87,5611.00,-81.10,87.00,23.43,3.68
2020-10-30 02:00:00 UTC,4.85,6.49,6.75,5671.00,-80.93,86.90,23.77,6.49
2020-10-30 03:00:00 UTC,6.39,8.87,9.32,5731.00,-81.17,86.00,24.00,8.87
2020-10-30 04:00:00 UTC,6.78,9.37,9.76,5791.00,-81.13,86.00,24.00,9.37
2020-10-30 05:00:00 UTC,6.47,8.87,9.33,5851.00,-80.63,86.00,24.00,8.87
2020-10-30 06:00:00 UTC,6.02,8.10,8.45,5911.00,-81.40,85.80,23.60,8.10
2020-10-30 07:00:00 UTC,5.40,7.29,7.59,5971.00,-81.60,85.03,23.00,7.29
2020-10-30 08:00:00 UTC,5.00,6.74,7.02,6031.00,-80.80,85.00,23.00,6.74
2020-10-30 09:00:00 UTC,4.64,6.22,6.42,6091.00,-80.60,84.97,23.00,6.22
2020-10-30 10:00:00 UTC,4.44,5.99,6.22,6151.00,-80.23,84.97,23.00,5.99
2020-10-30 11:00:00 UTC,4.46,5.95,6.19,6211.00,-80.67,84.90,23.00,5.95
2020-10-30 12:00:00 UTC,4.35,5.87,6.09,6271.00,-80.37,84.10,23.13,5.87
2020-10-30 13:00:00 UTC,4.22,5.64,5.81,6331.00,-81.10,84.00,24.00,5.64
2020-10-30 14:00:00 UTC,4.01,5.53,5.79,6391.00,-81.00,84.00,24.23,5.53
2020-10-30 15:00:00 UTC,3.60,5.11,5.47,6451.00,-80.97,83.97,25.00,5.11
2020-10-30 16:00:00 UTC,3.08,4.44,4.83,6511.00,-76.63,83.97,25.00,4.44
2020-10-30 17:00:00 UTC,2.54,3.81,4.17,6571.00,-71.23,84.67,24.90,3.81
2020-10-30 18:00:00 UTC,1.75,2.74,3.09,6631.00,-71.20,85.63,24.00,2.74
2020-10-30 19:00:00 UTC,1.33,2.24,2.48,6691.00,-71.40,86.07,23.37,2.24
2020-10-30 20:00:00 UTC,1.13,2.00,2.28,6751.00,-71.73,87.00,23.00,2.00
2020-10-30 21:00:00 UTC,1.02,1.94,2.15,6811.00,-71.30,87.40,23.00,1.94
2020-10-30 22:00:00 UTC,0.85,1.77,1.99,6871.00,-72.00,88.00,22.33,1.77
2020-10-30 23:00:00 UTC,0.88,1.88,2.23,6931.00,-71.83,88.67,22.03,1.88,
2020-10-31 00:00:00 UTC,1.12,2.07,2.42,6991.00,-71.90,88.90,22.73,2.07
2020-10-31 01:00:00 UTC,0.98,1.99,2.40,7051.00,-72.67,88.00,22.00,1.99
2020-10-31 02:00:00 UTC,1.18,2.38,2.85,7111.00,-72.83,88.00,21.83,2.38
2020-10-31 03:00:00 UTC,1.17,2.25,2.80,7171.00,-72.73,87.97,21.53,2.25
2020-10-31 04:00:00 UTC,1.56,2.71,3.28,7231.00,-72.93,88.00,22.00,2.71
2020-10-31 05:00:00 UTC,1.70,2.82,3.22,7291.00,-72.93,88.00,22.00,2.82
2020-10-31 06:00:00 UTC,1.72,2.82,3.20,7351.00,-73.03,87.73,21.90,2.82
2020-10-31 07:00:00 UTC,1.73,2.83,3.19,7411.00,-73.23,87.00,21.03,2.83
2020-10-31 08:00:00 UTC,1.71,2.80,3.03,7471.00,-73.70,86.97,21.00,2.80
2020-10-31 09:00:00 UTC,1.54,2.59,2.96,7531.00,-73.20,86.97,21.00,2.59
2020-10-31 10:00:00 UTC,1.39,2.28,2.55,7592.00,-80.07,86.07,21.00,2.28
2020-10-31 11:00:00 UTC,1.05,1.98,2.18,7651.00,-80.30,85.97,21.00,1.98
2020-10-31 12:00:00 UTC,0.93,1.70,1.93,7711.00,-80.50,86.00,21.00,1.70
2020-10-31 13:00:00 UTC,1.08,1.93,2.16,7771.00,-81.00,85.27,21.00,1.93
2020-10-31 14:00:00 UTC,1.19,2.09,2.37,7831.00,-81.13,85.00,20.90,2.09
2020-10-31 15:00:00 UTC,1.90,3.14,3.56,7891.00,-82.70,84.97,21.30,3.14
2020-10-31 16:00:00 UTC,2.17,3.71,4.13,7951.00,-82.83,85.00,22.00,3.71
2020-10-31 17:00:00 UTC,2.10,3.56,3.99,8011.00,-83.37,85.50,21.23,3.56
2020-10-31 18:00:00 UTC,1.77,2.92,3.23,8071.00,-83.40,86.57,21.00,2.92
2020-10-31 19:00:00 UTC,1.26,2.23,2.53,8131.00,-84.03,87.80,20.10,2.23
2020-10-31 20:00:00 UTC,1.07,1.82,2.06,8191.00,-84.57,89.17,19.23,1.82
2020-10-31 21:00:00 UTC,0.82,1.46,1.69,8251.00,-84.07,90.10,19.00,1.46
2020-10-31 22:00:00 UTC,0.77,1.44,1.67,8311.00,-84.80,91.00,18.30,1.44
2020-10-31 23:00:00 UTC,0.86,1.59,1.77,8371.00,-84.17,91.00,18.00,1.59,
2020-11-01 00:00:00 UTC,1.14,1.84,2.04,8431.00,-82.97,90.93,18.00,1.84
2020-11-01 01:00:00 UTC,1.66,2.50,2.69,8491.00,-83.47,90.00,18.00,2.50
2020-11-01 02:00:00 UTC,3.01,4.17,4.37,8551.00,-83.43,89.93,18.00,4.17
2020-11-01 03:00:00 UTC,5.02,6.80,7.06,8611.00,-82.90,89.43,18.00,6.80
2020-11-01 04:00:00 UTC,6.38,8.54,8.86,8671.00,-83.23,89.00,18.00,8.54
2020-11-01 05:00:00 UTC,7.88,10.54,10.92,8731.00,-83.27,88.90,18.00,10.54
2020-11-01 06:00:00 UTC,8.14,10.79,11.18,8791.00,-83.00,88.07,18.00,10.79
2020-11-01 07:00:00 UTC,7.70,10.25,10.63,8851.00,-83.10,88.00,18.07,10.25
2020-11-01 08:00:00 UTC,7.26,9.42,9.84,8911.00,-82.97,87.53,18.87,9.42
2020-11-01 09:00:00 UTC,6.71,8.78,9.07,8971.00,-83.03,87.00,19.00,8.78
2020-11-01 10:00:00 UTC,6.03,7.92,8.17,9031.00,-82.77,87.00,19.00,7.92
2020-11-01 11:00:00 UTC,5.68,7.57,7.79,9091.00,-82.97,86.20,19.00,7.57
2020-11-01 12:00:00 UTC,5.04,6.73,6.93,9151.00,-82.90,85.97,19.00,6.73
2020-11-01 13:00:00 UTC,4.87,6.43,6.68,9211.00,-82.40,85.80,19.00,6.43
2020-11-01 14:00:00 UTC,4.75,6.24,6.44,9271.00,-82.53,85.00,19.00,6.24
2020-11-01 15:00:00 UTC,4.79,6.35,6.59,9331.00,-82.53,84.93,19.00,6.35
2020-11-01 16:00:00 UTC,4.81,6.27,6.44,9391.00,-82.90,84.97,19.00,6.27
2020-11-01 17:00:00 UTC,4.36,5.72,5.91,9451.00,-82.83,85.27,19.00,5.72
2020-11-01 18:00:00 UTC,4.19,5.64,5.82,9511.00,-82.47,86.00,19.00,5.64
2020-11-01 19:00:00 UTC,3.89,5.13,5.32,9571.00,-83.10,87.03,19.00,5.13
2020-11-01 20:00:00 UTC,3.48,4.61,4.84,9631.00,-83.63,88.07,18.33,4.61
2020-11-01 21:00:00 UTC,3.20,4.30,4.47,9691.00,-83.13,89.00,18.00,4.30
2020-11-01 22:00:00 UTC,2.77,3.84,4.02,9751.00,-83.57,89.90,18.00,3.84
2020-11-01 23:00:00 UTC,2.64,3.67,3.82,9811.00,-83.07,90.73,17.40,3.67